FileName,Label,CenterX,CenterY
20051020_53062_0100_PP.png,R,1070.9898826979472,712.9456011730206
20060522_45935_0100_PP.png,R,1038.933451641526,653.9724933451641
20051109_59864_0400_PP.png,L,221.10714285714286,422.77195550351286
20060530_54223_0100_PP.png,R,1031.6908465450194,700.3063116960814
IM001253.png,L,323.0246832473017,679.10736743313
IM002998.png,L,332.1967032967033,648.6378335949764
20060523_48005_0100_PP.png,L,368.95858791581804,619.3052726861281
20051116_55649_0400_PP.png,R,1140.9695909580194,723.7107104413348
20060412_52245_0200_PP.png,L,,
20051214_51569_0100_PP.png,R,1033.8652866765237,683.3569903072121
20060411_62142_0200_PP.png,R,711.788529067499,447.9816621147093
IM002053.png,R,1066.4746930863666,728.9114796467801
20060410_40403_0200_PP.png,L,135.92233009708738,464.1394527802295
20060523_50730_0100_PP.png,L,364.7773336468375,711.4829532094992
20051130_59404_0400_PP.png,L,356.7040087264794,716.7046632124352
20060412_60454_0200_PP.png,R,686.2695906432749,438.53801169590645
20060412_52931_0200_PP.png,L,140.55705996131528,352.9010776457585
20060407_44400_0200_PP.png,R,708.7409777322754,423.9639109291016
IM001210.png,R,1085.5485188968335,733.5314096016343
20060412_52098_0200_PP.png,R,678.6905537459284,480.2483713355049
IM002209.png,L,429.3526663001649,729.916162726773
IM001797.png,L,353.67716141929037,729.015992003998
20060412_57650_0200_PP.png,L,,
20051216_46847_0200_PP.png,L,210.338496198254,438.48437059983104
20051205_59337_0400_PP.png,L,346.36241610738256,637.7716306910938
IM000806.png,L,387.7240229425103,675.8328664799253
20051205_60093_0400_PP.png,R,1246.8164024810476,852.9756030323914
20060412_63009_0200_PP.png,R,683.2332373508845,396.6178527354998
20051216_46624_0200_PP.png,R,659.4919371300265,434.4839763216983
20051130_55323_0400_PP.png,R,757.9241264559068,463.675540765391
20060523_50707_0100_PP.png,R,1082.9209817419935,723.1005686920084
20060412_58563_0200_PP.png,L,225.27099841521394,416.54807184363443
IM002614.png,L,365.230653218965,753.8126119332642
IM004262.png,R,997.2365614564258,658.9952601529678
IM000726.png,R,1103.8944401244169,725.0312986003111
20060411_59657_0200_PP.png,L,252.75157364666387,432.2694083088544
20060523_48787_0100_PP.png,R,1079.5509825732295,684.8427882832777
20051201_38081_0400_PP.png,L,376.80232558139534,683.7921849648459
IM003412.png,L,223.90860744534174,802.3535552491629
20051212_36548_0400_PP.png,L,358.16519499632085,653.9893303899927
IM004251.png,L,368.3637274549098,638.3669338677355
20060523_48425_0100_PP.png,L,288.99136023601307,647.5082709935729
20060412_58965_0200_PP.png,L,,
IM000378.png,R,1117.484584450402,706.9120643431636
IM001636.png,L,382.1144662921348,684.0410814606741
IM004028.png,L,308.6148097826087,702.7527173913044
20060411_59728_0200_PP.png,R,707.1789652247668,483.3210347752333
IM002071.png,L,326.28057163531116,696.3623371924747
20060412_59124_0200_PP.png,L,203.6543277082199,413.9172563962983
IM002894.png,R,1082.751523178808,694.9011920529802
20060412_61383_0200_PP.png,L,196.99298813376484,442.975188781014
20060412_57846_0200_PP.png,R,707.3904034896401,448.7001090512541
IM001559.png,R,1083.8381422619966,740.8233297330659
20060523_45467_0100_PP.png,L,409.1250712250712,630.6253561253561
20051021_40180_0100_PP.png,R,1237.1693964881215,650.340268555408
20060523_48136_0100_PP.png,R,1057.783160865475,617.1531044214487
20051201_38137_0400_PP.png,R,1177.74531535649,678.6879570383912
20051117_37130_0400_PP.png,R,645.1015651015651,461.46420246420246
20060407_45834_0200_PP.png,R,708.9284386617101,456.3138166047088
IM000219.png,L,376.40809232480535,719.2791991101224
20051020_62461_0100_PP.png,R,1050.7701683110854,691.1456761462565
20060530_53540_0100_PP.png,L,398.9124651634153,637.8781352926273
20051205_35305_0400_PP.png,L,,
20051214_41289_0100_PP.png,R,1006.115932642487,693.1622409326425
20051020_56791_0100_PP.png,R,1066.732288828338,631.3063692098093
20060530_54556_0100_PP.png,L,355.70764519304385,640.4208684239309
20051214_56392_0100_PP.png,L,129.17922966559982,786.8153625427657
20051021_58035_0100_PP.png,L,365.78520786335804,573.2626490493071
IM004685.png,L,425.3606687898089,663.1671974522293
20051130_60562_0400_PP.png,L,389.18187830687833,719.2671957671957
20051020_62510_0100_PP.png,L,388.4808499475341,633.2145855194124
20060407_45247_0200_PP.png,L,215.0021853146853,424.66652097902096
20060412_58819_0200_PP.png,L,229.73171815959103,436.72038230717936
IM003773.png,R,1050.1132015306123,688.5715880102041
20060412_51746_0200_PP.png,L,,
IM001514.png,L,397.74568288854005,712.77010291296
IM001880.png,R,1081.7492323439099,769.4621590703836
20060411_62390_0200_PP.png,L,250.6060393258427,449.5948033707865
20060523_45235_0100_PP.png,L,403.5510127531883,626.9193548387096
IM003222.png,L,336.0486375158428,644.5769961977186
20060410_46874_0200_PP.png,R,687.0941820276498,398.30069124423966
20060530_54011_0100_PP.png,R,1108.1808270676693,705.2571428571429
IM001033.png,R,1118.5372292418772,698.9763086642599
20051110_38156_0400_PP.png,R,667.0079207920792,424.11633663366337
20060412_52840_0200_PP.png,R,703.6599297012302,441.8022847100176
20060412_52174_0200_PP.png,L,,
IM000568.png,L,308.4387464387464,692.6210826210826
IM003725.png,R,1080.2577509636333,674.0916708563767
IM000530.png,R,1292.8867628417938,694.374298303857
20051130_60490_0400_PP.png,L,419.3891024569614,698.6896205916764
IM003360.png,L,,
20051130_55107_0400_PP.png,R,706.7298441990622,454.4884283769475
20051021_59459_0100_PP.png,R,1119.184938223181,681.2271033535987
20060522_45777_0100_PP.png,R,1105.5674992096112,667.3909263357572
20060411_58624_0200_PP.png,R,692.0375558867362,447.4461997019374
20051021_39314_0100_PP.png,L,169.82330415754925,677.1506199854122
IM000674.png,R,1054.3858371148795,730.6717219966563
20060523_49859_0100_PP.png,R,1042.7750974206717,675.3839302282427
20060407_43258_0200_PP.png,L,223.62309542902966,471.87971130713714
20051202_51616_0400_PP.png,L,331.90946261682245,705.3272488317757
20060410_39229_0200_PP.png,L,226.68564845292957,434.03357472021065
IM000547.png,L,458.60572337042925,696.658187599364
20060412_61064_0200_PP.png,R,714.730501930502,485.87857142857143
20051021_59136_0100_PP.png,R,1092.3963081559616,691.9082689772085
20060530_53062_0100_PP.png,L,374.83591439011656,660.5703845484601
20060407_39402_0200_PP.png,R,687.4988331388565,449.1948658109685
IM001666.png,R,1087.89086025881,711.0076503621714
20051130_59374_0400_PP.png,R,1093.204536319265,713.11794430089
IM001007.png,L,189.4490177736202,774.7521047708138
20051202_56012_0400_PP.png,L,228.07429670593893,423.75547006491945
20051201_37382_0400_PP.png,R,1122.576253661899,743.3151818025159
20060407_40624_0200_PP.png,L,177.04610031893301,378.58422731226443
IM003520.png,L,397.2588671254632,674.8609052408682
20060412_59259_0200_PP.png,L,228.65523525513586,419.9779655400928
IM003772.png,L,363.5795411808951,694.5169236555096
20060410_39203_0200_PP.png,R,695.8834702258727,401.29671457905545
20060530_53455_0100_PP.png,L,346.16502578527894,608.0648538834192
20060529_56338_0100_PP.png,L,390.9957633530035,638.8427901346648
IM000480.png,L,324.0300732553656,667.2362164246241
IM001423.png,L,233.36093648385,676.7496206373293
20060523_48182_0100_PP.png,R,1021.7453812125943,660.3581837106427
IM002482.png,L,214.01586594170604,829.4848025670738
20051216_45375_0200_PP.png,L,228.27426517234088,420.9414252484669
IM001088.png,R,1088.4731562936774,711.1651730658555
20060412_58869_0200_PP.png,R,689.1400329489292,415.0620538165843
20060411_58051_0200_PP.png,R,752.236385762093,370.2470337693946
20060411_62250_0200_PP.png,L,226.39137214137213,411.4220374220374
IM002853.png,L,358.9140928027582,652.6815112771153
20060523_48102_0100_PP.png,L,406.30241854887066,691.8630821507096
20051213_61892_0100_PP.png,R,1041.8358864379086,643.8775531045752
20060412_61790_0200_PP.png,R,701.7849598648078,463.41740599915505
20051021_51476_0100_PP.png,L,378.2072926162261,700.4957155879672
IM000675.png,L,398.10916850220264,663.013353524229
IM000812.png,R,1101.3022628502922,721.2262850292223
20051130_58888_0400_PP.png,L,244.56107660455487,767.1699792960662
IM003841.png,R,1050.2785808147175,689.8999853993283
20060410_47166_0200_PP.png,R,666.6980501392758,451.7983286908078
IM003324.png,L,341.5261574074074,646.5164351851852
IM002938.png,R,1162.6825130890052,769.5687958115183
20051212_36640_0400_PP.png,R,1103.0186948606638,715.624912477244
IM001688.png,L,393.2412547528517,701.6998098859316
20051214_56565_0100_PP.png,L,400.3480675255442,630.7137938693913
20060410_47351_0200_PP.png,L,247.1614235780108,375.88083889418493
IM004226.png,L,368.15383596130914,636.6752351927919
20051020_43882_0100_PP.png,R,1024.3529944526208,651.1317785576814
IM000197.png,R,1182.1135639097745,716.1666766917293
IM002973.png,L,,
20060412_58387_0200_PP.png,L,232.82688391038695,440.82586558044807
20051202_55562_0400_PP.png,R,668.6763469621704,426.92663354986627
IM003175.png,L,156.41062366076463,618.8295928724484
IM000776.png,R,1098.6798613117596,736.058942502167
20051130_54498_0400_PP.png,L,244.31083380601248,491.3267158252978
20060412_61593_0200_PP.png,R,645.9195372750643,453.60154241645245
20051214_51342_0100_PP.png,L,310.5142383607051,690.2561398222089
20051116_58864_0400_PP.png,L,252.23714615829002,430.35528596187174
20051020_57566_0100_PP.png,R,1097.3346036585365,701.1427845528456
IM004553.png,R,1054.2104909965328,682.6084330611789
20051207_62275_0400_PP.png,R,1112.688782337199,692.6962533452274
20051214_40849_0100_PP.png,R,1080.7630996309963,667.8281672816728
IM003214.png,R,1012.7758692919983,730.7965367965368
IM004092.png,R,1023.2849286563614,709.5084720570749
20060529_56039_0100_PP.png,L,298.5377321831041,563.8330613196549
20060530_54030_0100_PP.png,L,369.4056584977087,644.2109982068141
IM000241.png,R,1234.0538896132116,765.5816311748515
20060530_36895_0100_PP.png,L,400.28833678398894,622.1786059351276
IM003265.png,L,353.2656165127648,660.7532862574687
20051205_58409_0400_PP.png,R,1116.4141634241246,780.2074708171207
20060529_56853_0100_PP.png,L,385.9101612490402,641.5133094445866
IM004085.png,L,372.53247631935045,675.9901894451962
IM000689.png,L,354.67683393462335,703.8143653656937
20051020_45110_0100_PP.png,R,1085.6275529429497,725.8439219232798
20060410_40274_0200_PP.png,L,213.08414804469274,422.79224860335194
IM004184.png,L,381.99979985990194,635.1114780346243
20060412_61081_0200_PP.png,L,221.93680709534368,460.29212860310423
20060523_48199_0100_PP.png,L,409.3522149600581,633.0066396929142
IM002803.png,L,351.34594485812033,624.4842020527269
20051020_64007_0100_PP.png,L,245.76404494382024,737.2767129323639
20051214_41949_0100_PP.png,L,384.3817840815848,644.1947016762396
20060407_44617_0200_PP.png,R,671.3072643979058,456.8818717277487
20051130_59930_0400_PP.png,L,196.38419829589466,617.0780402788536
IM002026.png,R,1140.8163563344285,741.391262017768
IM000242.png,L,385.394678183338,712.7478406241293
20060410_41901_0200_PP.png,L,210.80669377541446,440.21144823271817
IM000761.png,L,420.8831371191136,708.4196675900278
20060523_48572_0100_PP.png,R,1071.5108774474256,666.7407541696882
20060407_41312_0200_PP.png,R,694.1254639175257,535.6426804123711
20051214_51953_0100_PP.png,L,329.0894467462832,617.5827443334146
IM002335.png,L,357.7715412269512,708.3734199234605
IM002285.png,R,1267.1284289276807,682.1857855361596
20060412_60475_0200_PP.png,L,224.92864806866953,388.899678111588
20060412_51932_0200_PP.png,R,684.2105586249232,447.5291589932474
20060412_63104_0200_PP.png,L,237.42697594501718,407.7843642611684
20051130_58962_0400_PP.png,L,379.4734711738322,683.9524122087299
20051116_55656_0400_PP.png,L,337.50857344882445,622.5464026869365
IM003468.png,L,315.89137411261305,631.910629193815
20051205_57988_0400_PP.png,L,396.609375,688.7491071428572
20051116_43388_0400_PP.png,R,731.5100074128984,435.3995552260934
20060411_59087_0200_PP.png,L,255.55759493670885,447.165611814346
20060412_61808_0200_PP.png,L,239.15701617110068,457.5195618153365
20060412_61501_0200_PP.png,R,666.6198212835094,429.8273761169781
20060523_48890_0100_PP.png,R,1027.4766448305327,688.5727712902307
20051216_44660_0200_PP.png,L,234.67070217917674,434.84358353510896
20051208_39532_0400_PP.png,L,440.2731045932485,647.8328721638075
IM003405.png,R,1021.1910134600158,677.4998020585906
IM003571.png,R,1100.41693446975,721.2487075590332
20060411_59190_0200_PP.png,L,232.3558154103153,429.84025892670707
IM002659.png,L,349.1500185666543,638.5199591533606
20051117_37155_0400_PP.png,L,252.58277027027026,474.3135135135135
20051208_42546_0400_PP.png,R,1064.722491909385,674.3248381877023
IM000703.png,R,1118.7144365267882,735.2714436526788
20060523_50019_0100_PP.png,L,364.0036560397777,616.6254752851711
20051202_48232_0400_PP.png,L,129.34855769230768,501.08447802197804
20051216_47668_0200_PP.png,R,850.321165438714,448.93536503683856
IM000553.png,R,1101.475491480996,721.0644823066841
IM000602.png,L,286.48619374523264,688.2536994660564
IM000937.png,L,385.40812720848055,620.9664310954064
20051130_54301_0400_PP.png,L,225.58306010928962,458.6647540983607
20060407_38970_0200_PP.png,L,226.61561119293077,445.6033382425135
20051116_58816_0400_PP.png,R,795.986383261375,435.62836267020924
IM000139.png,L,393.24040558220673,678.9942215438291
20060410_47331_0200_PP.png,R,675.166737922189,425.31380932022233
20060523_49875_0100_PP.png,L,388.3049255133539,643.1313917594954
20051214_56971_0100_PP.png,L,444.1777880042951,679.2698266605307
20060529_56442_0100_PP.png,L,427.46906086663296,650.344629910639
20060523_45662_0100_PP.png,R,1178.5332402234637,693.2006983240224
IM001738.png,L,395.64837110481585,669.7152974504249
20051020_62385_0100_PP.png,L,357.7495033411595,708.2215098428752
20051021_57798_0100_PP.png,R,1206.801696020874,633.6782996303544
IM000191.png,L,96.72187682144938,687.1476588303866
20060407_43436_0200_PP.png,R,683.9417562724014,463.07840501792117
IM000595.png,R,1105.870778267254,766.5028552781856
20060411_58808_0200_PP.png,R,713.2926829268292,438.3222326454034
20060407_39567_0200_PP.png,L,224.68416330192912,449.5567519066846
IM000319.png,R,1110.4175538821085,734.862373409504
IM001454.png,L,356.00423985463357,703.8668339534481
20051130_59916_0400_PP.png,R,1242.1052032982657,787.7226329257891
20051020_44692_0100_PP.png,R,1049.190178469933,665.1630101170854
20051214_40456_0100_PP.png,L,399.4110569600975,624.4829424307036
20051116_58872_0400_PP.png,R,674.1414913957935,457.702103250478
20051130_55012_0400_PP.png,L,236.60623869801086,432.98327305605784
20060530_36860_0100_PP.png,R,1052.931565355582,642.2953913388955
IM000813.png,L,351.52228092911974,758.625859834513
20051202_55607_0400_PP.png,L,218.57964458804523,426.04426494345716
IM003020.png,R,1051.761252276472,716.0045095828635
20051205_58125_0400_PP.png,L,316.7217194570136,677.4009552538964
20060411_51958_0200_PP.png,R,679.6314699792961,446.37232574189096
20051020_44338_0100_PP.png,R,1104.666433810688,699.9329374781697
20060411_61478_0200_PP.png,R,691.9093596059113,434.4912972085386
20051130_59802_0400_PP.png,L,364.4544772922022,723.9353041988004
IM000586.png,R,1096.6587974332567,681.4038659589638
20060410_41626_0200_PP.png,L,216.09472551130247,422.26946537495513
20051021_36097_0100_PP.png,R,1042.4433805162364,729.4161115736886
IM003787.png,R,1007.9259105960265,697.4352235099337
IM000762.png,R,989.9354660783232,712.7793712079426
IM000711.png,L,359.32236350037397,631.4455604231222
20060522_45796_0100_PP.png,L,331.1420159820552,714.1919248563017
20060522_45402_0100_PP.png,R,1084.60136843671,670.2949576082107
IM002448.png,L,720.9058823529411,732.7091911764705
IM004621.png,R,993.7402431222009,699.809980806142
20051212_38076_0400_PP.png,R,1114.2144001067663,719.4821166421993
20060412_52685_0200_PP.png,L,215.65322171486554,436.80923389142566
IM003910.png,R,1070.0990229733297,664.3097438605756
IM001681.png,R,1317.3233215547702,787.9204946996466
20051216_44092_0200_PP.png,L,165.630081300813,556.8722415795587
IM002441.png,R,1108.7022564667034,819.7506879471656
20060407_39306_0200_PP.png,R,657.3826189539914,461.7196224931184
20060412_60337_0200_PP.png,R,683.6905481225723,472.63789382822614
20060523_45449_0100_PP.png,R,999.4840899448451,612.537123462028
20051130_55381_0400_PP.png,R,679.2200488997555,453.6742053789731
IM002703.png,R,1122.308941418294,678.8727646454265
20060411_58328_0200_PP.png,L,217.8323201621074,460.0678824721378
20051109_60136_0400_PP.png,R,684.6003937007874,453.3695866141732
20051202_56028_0400_PP.png,R,678.3512947946639,437.2717760920743
IM002622.png,L,179.44715204066378,628.462251457617
20060523_48659_0100_PP.png,L,357.54409782399387,648.130078952436
IM001617.png,R,1047.385192040722,693.2330402591393
IM003746.png,L,323.13931651927066,646.8444153291844
IM003577.png,L,364.32908366533866,715.1819920318725
20051214_57377_0100_PP.png,R,1124.7761351636748,710.4840285110877
20060412_61316_0200_PP.png,L,223.84583241697823,412.04442489553554
20051205_58502_0400_PP.png,L,363.35334507042256,708.3026408450704
20051202_55735_0400_PP.png,L,356.734736115902,400.5143152811314
20051110_37992_0400_PP.png,R,679.5641729581331,411.53260123541526
IM000501.png,R,1082.8588211867782,777.8058542413381
IM003925.png,L,352.2836676217765,655.3493497906105
20051205_59379_0400_PP.png,L,282.33198653198656,705.2234006734006
IM003160.png,R,1054.8274785323965,675.5091334894613
20060411_59062_0200_PP.png,R,662.6116703952274,463.8402311707681
20060523_43038_0100_PP.png,L,386.19897540983607,651.073155737705
20060523_50392_0100_PP.png,R,1122.2619439868204,641.132527915065
IM003564.png,L,188.4577471915798,732.8540633539116
20060410_40146_0200_PP.png,R,693.1791917759659,435.0514002126905
20060523_45300_0100_PP.png,R,1035.1175914675307,646.8319157553666
20051130_59457_0400_PP.png,R,1165.4654315408948,706.6597379123361
20051130_55269_0400_PP.png,L,249.70399683419075,418.29026513652553
IM004462.png,L,304.5935833629577,717.0506576608603
IM000073.png,L,356.59296560272696,742.225441586613
20060412_61251_0200_PP.png,L,260.09129066107033,462.71143756558234
IM001328.png,L,397.1495194019224,637.6198647205412
20051020_64388_0100_PP.png,L,350.42066635601117,649.4916123019572
20051205_59300_0400_PP.png,L,374.9479396615158,697.8440029433407
20051213_62648_0100_PP.png,R,1160.9342492639844,645.2100098135427
IM003826.png,R,1075.6078010377528,652.5854356772231
IM003695.png,R,1033.6310004486318,689.078061911171
IM000654.png,R,1190.9140803916923,721.6147042564953
IM003338.png,R,1034.2286123032904,709.8110157367668
20060523_45524_0100_PP.png,R,1148.4139449541285,453.80477064220185
IM001117.png,L,401.4636293606251,614.6521404203808
20060412_52271_0200_PP.png,L,251.94551282051282,466.6923076923077
20051202_55846_0400_PP.png,L,237.3387243735763,446.63872437357634
20051020_45004_0100_PP.png,L,358.4131154780305,629.2028041510267
20051021_51804_0100_PP.png,L,433.39560279557367,688.8870122306348
20060410_43959_0200_PP.png,R,716.9109612141652,398.76762225969645
IM002852.png,R,1120.0046744036106,705.5810767246937
IM000696.png,R,1107.0713519313306,723.2729345493563
20051110_34071_0400_PP.png,L,177.69686204854943,434.0518058022499
20060530_53522_0100_PP.png,R,1091.2010138858277,658.1293806480053
20051214_42363_0100_PP.png,L,328.9796457837695,691.4263811789585
20060407_43726_0200_PP.png,R,692.440281030445,399.7127244340359
20060407_45611_0200_PP.png,L,235.41037243299687,419.0174034110686
20060412_61365_0200_PP.png,R,735.5405405405405,460.48207391064534
IM003990.png,L,385.3891427780086,635.865254119928
20051021_36208_0100_PP.png,L,388.3160844386325,640.7257612553708
20060530_54242_0100_PP.png,L,117.42713819914722,871.2400300978179
20060407_44304_0200_PP.png,L,246.50707988244724,435.0416777985573
20060523_49269_0100_PP.png,R,1056.8758636059729,681.5668598172498
IM004169.png,R,1013.034797401794,639.5122177544076
IM000094.png,R,1080.280612244898,665.8938223938223
20051214_51701_0100_PP.png,R,1041.253131104217,672.2827760542342
20051214_40912_0100_PP.png,L,333.437707641196,657.8924418604652
20051216_45899_0200_PP.png,L,240.4457167090755,451.6416454622561
IM002486.png,R,1166.4395423420299,668.1562797954408
20051216_47383_0200_PP.png,R,648.8306230200634,439.00380147835267
20051212_41144_0400_PP.png,R,1176.2368807040418,677.1073989569752
20060522_45967_0100_PP.png,L,403.1793721973094,724.7668161434977
20051021_36380_0100_PP.png,R,1050.5323714391418,781.6194968553459
20060407_43594_0200_PP.png,R,692.1076373380973,426.3707012058955
20060412_52351_0200_PP.png,R,699.6994011976047,365.91317365269464
20051130_60186_0400_PP.png,R,1113.4748160724391,724.2413695529145
20060412_59242_0200_PP.png,R,693.8089717741935,440.5289818548387
IM000896.png,R,1241.838265099311,736.9210579651399
20051207_56219_0400_PP.png,L,116.08255659121171,487.7323568575233
IM003893.png,L,339.10096642929807,695.2451678535097
IM002765.png,L,380.5102105429793,698.3493747031819
20060530_54117_0100_PP.png,L,347.67105263157896,666.3036184210526
20060407_40582_0200_PP.png,R,684.4889010687859,419.1027678816114
IM004806.png,L,267.8767874165872,591.4848665395615
20060411_62058_0200_PP.png,L,230.28138124125059,417.50839944003735
20051116_44750_0400_PP.png,L,337.0608934079744,680.3291442933851
20051020_62615_0100_PP.png,L,350.81947598253277,655.189519650655
IM003603.png,R,1052.878698639742,684.287757677745
IM001467.png,R,1148.0854660937791,714.599196712124
20051020_44598_0100_PP.png,L,406.27812257564005,656.5356865787433
IM001027.png,R,1103.820223243598,709.7712409717662
20060407_41330_0200_PP.png,L,225.81423665313767,442.0362160474555
IM000190.png,R,1101.6365278112207,684.3798458945341
IM003331.png,L,339.3331737673528,625.2113451412159
20051130_54257_0400_PP.png,R,681.5647682858738,418.55667225013957
IM002983.png,L,306.2195576540756,621.9975149105368
20060530_51399_0100_PP.png,L,320.9135593220339,721.5537288135594
20051021_39222_0100_PP.png,R,1085.6084694319989,650.9738401503107
20051201_38246_0400_PP.png,L,355.6039758896488,682.0971368957922
20060407_38711_0200_PP.png,R,688.9395727937043,427.9606520517144
IM002821.png,L,394.6478128975438,663.4374204912418
IM002782.png,R,1108.0347367129004,681.3084571007732
20051202_37162_0400_PP.png,L,332.0551914806471,676.3601269711243
20051205_59510_0400_PP.png,R,1061.7813314380478,688.836057806207
20060410_47016_0200_PP.png,L,,
20060412_58945_0200_PP.png,R,690.1424075531078,464.47600314712827
IM004297.png,R,1040.4591295116772,680.8856157112526
IM003924.png,R,1046.9311695579183,688.611919418019
IM003894.png,R,1005.551377952756,740.2470472440945
20060530_55607_0100_PP.png,R,1064.219638242894,637.7218992248062
IM004747.png,L,340.3137633431751,640.9031342266636
IM000264.png,L,446.2729597767961,669.8330620785864
IM003058.png,L,353.9985723208709,604.1946997412332
20060407_42290_0200_PP.png,R,665.8391719745223,472.2070063694268
IM000357.png,L,289.53467886769863,692.197981698452
20051021_57862_0100_PP.png,L,186.0319391634981,684.281463878327
IM001422.png,R,1112.9963450292398,693.8561769005848
20051020_58276_0100_PP.png,L,346.39830463855105,669.8616858842731
20060410_44464_0200_PP.png,R,693.8454545454546,416.29598930481285
IM001145.png,R,1071.5813359528488,667.4990176817289
20060522_45541_0100_PP.png,R,1055.3760279965004,665.3902012248469
IM001252.png,R,1156.5012041365633,719.2190111913869
20060410_39976_0200_PP.png,R,653.129356293563,421.98154981549817
IM002027.png,L,345.09409871244634,706.0562231759657
IM000412.png,R,1120.0304216867469,764.2992469879518
IM000426.png,L,363.82135575942914,632.2325433231397
IM003207.png,L,338.22794054472035,665.3670418420827
IM003633.png,R,1063.1260455164365,683.0052518965182
IM003879.png,L,401.3552099533437,658.5940902021773
20060530_51377_0100_PP.png,R,1084.6054535336673,692.9188925987758
20051208_39438_0400_PP.png,R,1062.073740270381,749.7138467841049
IM003840.png,L,327.64334806087385,633.4258713794796
20060523_47987_0100_PP.png,R,1048.7650360866078,614.9935846030473
20051202_55944_0400_PP.png,R,838.5884146341464,445.97621951219514
20060412_59423_0200_PP.png,L,251.7858208955224,438.7746268656716
20060530_53742_0100_PP.png,R,998.9751716851558,702.8098256735341
IM000249.png,L,421.277428622733,661.5895133776262
20060410_40254_0200_PP.png,R,689.825411913815,429.3628010139417
IM004440.png,L,331.08283464566927,716.9096062992126
20051216_44635_0200_PP.png,R,768.4123287671233,458.2922374429224
IM000306.png,L,286.6707530647986,564.3972656912039
20060523_43333_0100_PP.png,R,1097.8070463887257,665.2307692307693
20051216_45757_0200_PP.png,R,693.485885673959,422.9470712773465
20060407_39155_0200_PP.png,R,662.1387044679706,489.0796698367127
20060530_54529_0100_PP.png,R,1236.678409394182,684.808646917534
20051214_57761_0100_PP.png,R,983.6613236814892,645.1721820062047
20060523_43174_0100_PP.png,R,1056.0847179967236,719.8888368827521
20051202_55669_0400_PP.png,L,218.8498727735369,502.4880407124682
IM001322.png,L,359.55916855320027,690.5162241887906
20051130_58824_0400_PP.png,L,326.96586262075505,669.8559829313103
20060530_55203_0100_PP.png,L,206.88652824722357,786.9332045710606
IM004347.png,L,343.3341121495327,687.6642703091301
IM002975.png,L,354.8529123837494,667.5364659813999
20060523_50325_0100_PP.png,R,1104.5006364793599,647.346608474268
IM001199.png,L,,
20051130_59029_0400_PP.png,L,376.00647153993236,663.4093249007207
IM004832.png,L,302.8225524475524,626.2781905594405
20051020_44982_0100_PP.png,R,1094.8860166086258,657.1754620948299
20060412_60773_0200_PP.png,L,228.6160465704885,442.3996456593268
20051216_45619_0200_PP.png,L,107.86802518803569,390.98705614832954
IM002953.png,L,335.17857756399246,674.7147397354406
IM000107.png,R,1094.501294744859,668.3395277989338
20051213_62251_0100_PP.png,R,1035.399808551372,713.7117102744097
IM000560.png,R,1020.2355919942127,726.0120569086087
20051201_37337_0400_PP.png,L,351.437905468026,670.4745134383688
IM000320.png,L,362.20150934895247,684.7414958323947
20060412_61681_0200_PP.png,L,238.29643296432965,443.290282902829
IM002216.png,L,394.2093237361902,666.1160026782725
20051214_40596_0100_PP.png,L,406.5747922437673,651.3713889988128
20060407_44529_0200_PP.png,L,217.67653890824621,398.68263646922185
20051020_55701_0100_PP.png,R,1054.874146797569,671.3441795231416
20051021_51418_0100_PP.png,R,1057.9089560541443,690.8559243463749
20051202_55834_0400_PP.png,R,694.6022685693378,451.9085254299305
IM002991.png,L,313.3956725294192,629.9573579653296
20060411_57986_0200_PP.png,L,219.63089430894308,389.06158536585366
20051213_62437_0100_PP.png,L,401.5478218544658,633.4580189827209
20051205_58458_0400_PP.png,R,1093.8036857419982,710.9121241513094
20051216_44066_0200_PP.png,R,704.8314573459716,403.8693720379147
20060407_45230_0200_PP.png,R,705.7592592592592,428.35722819593786
20060530_55746_0100_PP.png,L,380.1269635926816,665.6423951210497
20060412_58638_0200_PP.png,R,661.9081765087606,464.3270603504218
20060523_50616_0100_PP.png,R,1020.8457852319756,691.9590503158354
20060407_45932_0200_PP.png,R,698.0912778904666,434.06450304259636
20060407_40937_0200_PP.png,R,662.6845887676337,422.9318605270162
20060407_46235_0200_PP.png,R,671.6649590163935,356.83376024590166
20051213_61802_0100_PP.png,L,342.2602873938602,648.7764532984977
20060407_45718_0200_PP.png,R,683.3739751388522,411.40915101824913
20060412_62960_0200_PP.png,L,,
20051202_56000_0400_PP.png,R,695.5151859210899,466.93045699687764
IM004739.png,R,1010.5068119891008,683.3195796029584
20060523_49942_0100_PP.png,L,380.7258748674443,621.2230470130788
IM000887.png,L,333.8162584799356,670.4275037369208
IM003758.png,R,1087.1758952254643,692.2241379310345
20051216_46183_0200_PP.png,L,228.47246022031823,444.1499388004896
IM000984.png,L,323.04459064327483,648.7686071238703
20051109_57451_0400_PP.png,L,109.19339417644503,456.7887874837027
20060410_39726_0200_PP.png,L,246.90221270521056,360.33226266952175
IM004639.png,L,358.62497867258145,612.5398396178126
20051216_45100_0200_PP.png,L,235.23093525179857,429.2438848920863
IM001357.png,R,1066.5805012465555,725.208502821152
IM001095.png,L,361.6333514986376,724.7152043596731
20051116_58835_0400_PP.png,L,243.83436669619132,409.5482728077945
20051216_46018_0200_PP.png,L,220.0671111111111,370.71644444444445
IM002636.png,L,115.7180815131727,769.9806349921189
20060407_44042_0200_PP.png,R,643.931787175989,433.2513642564802
20051214_57230_0100_PP.png,R,1067.7534147350993,656.6639072847682
IM001751.png,L,388.9193479193479,718.0190905190905
20051214_51733_0100_PP.png,L,376.22063971031986,691.1753771876886
IM003381.png,R,1014.640741848639,800.2590487586001
IM003286.png,R,976.5048201989289,664.5043611323642
IM001273.png,L,203.8723546745245,773.9859362443075
IM002472.png,L,,
IM003719.png,L,,
20060530_55468_0100_PP.png,L,376.7267047363117,721.5677527712462
20060412_60751_0200_PP.png,R,662.8892045454545,429.7089359504132
IM001227.png,L,347.0611094178604,645.8617799451387
20060411_58413_0200_PP.png,L,201.0404973357016,421.16341030195383
20060412_59100_0200_PP.png,R,674.7444831591173,413.30313588850174
20051116_54454_0400_PP.png,L,247.12516512549539,437.9468295904888
20060412_52777_0200_PP.png,L,248.93095044679123,388.99634443541834
IM002829.png,L,401.2493130610002,661.8701227331013
20060530_54312_0100_PP.png,R,1324.6127723516154,659.7998497370398
20060412_52194_0200_PP.png,L,237.91028446389495,383.1466083150985
IM003641.png,R,1257.8701149425287,797.0701149425288
IM002415.png,R,1129.3695225194717,765.4136810023705
20051020_64993_0100_PP.png,L,347.1746357076677,522.4547547519443
20051216_44832_0200_PP.png,L,244.69658405894174,403.8519758874749
20060411_59747_0200_PP.png,L,317.9373942470389,478.0507614213198
20051130_54333_0400_PP.png,R,688.8825055596739,485.873980726464
20051214_52707_0100_PP.png,L,381.67341725962416,661.5281882868089
20051020_44349_0100_PP.png,L,348.440265145676,724.9116694928318
IM002301.png,L,424.1910128388017,689.6780313837376
20060410_40165_0200_PP.png,L,228.75558604468836,442.0635045080361
20060411_60028_0200_PP.png,L,228.92847797645007,429.839947666812
20060410_47042_0200_PP.png,L,232.8420320111343,446.48155880306194
IM003012.png,L,367.1247660636307,647.8320856726971
20060407_45477_0200_PP.png,R,727.2746297488732,455.73502897617516
20051021_39482_0100_PP.png,R,1247.0056179775281,644.0834053586863
IM001386.png,L,375.8312332162776,750.9192315637265
20060530_53233_0100_PP.png,R,1080.9821657411362,642.2902605724049
20051020_43832_0100_PP.png,L,347.7917621554661,637.9069061628987
IM001168.png,L,396.9312369998776,697.7450140707207
20060407_40740_0200_PP.png,R,682.5568714532445,438.9708857636319
20060412_58287_0200_PP.png,R,651.7372708757638,434.4302443991853
IM003602.png,L,335.7067569800099,608.5954072360813
20060411_61952_0200_PP.png,R,687.3889961389962,428.5466537966538
20051205_35417_0400_PP.png,R,678.9140091116174,471.9787395596052
IM004192.png,L,335.23542013806235,595.2915972387527
20051216_45351_0200_PP.png,R,711.9362116991643,448.7899721448468
20060412_58171_0200_PP.png,L,224.5550527903469,434.79135243841125
20051021_39661_0100_PP.png,R,1039.3992764109985,685.4334298118669
20051201_38041_0400_PP.png,R,1089.6720972329972,716.3368244116887
IM002822.png,R,1042.6257682422618,751.0579953067382
20060411_58303_0200_PP.png,R,682.9379806499628,446.11312329446787
20051216_45992_0200_PP.png,R,710.1974468085107,414.81361702127657
20051020_63045_0100_PP.png,R,1095.8054127608104,707.9646205019656
20060411_60426_0200_PP.png,R,698.7880452342488,470.21324717285944
20060530_55370_0100_PP.png,R,1067.3072580645162,650.2439516129032
IM003071.png,R,989.8668954996186,682.2280701754386
20051208_42314_0400_PP.png,L,289.5197107534406,782.8298343830185
20060410_40381_0200_PP.png,R,726.7876844130853,383.4733803720334
20060410_39047_0200_PP.png,R,725.4430063244595,422.10692748933667
20051212_38043_0400_PP.png,L,380.9106259097525,687.8167394468704
20060410_40979_0200_PP.png,L,237.42265405267196,406.66964970595757
20060530_53836_0100_PP.png,L,397.92777605938755,658.2757500773275
IM000479.png,R,1140.9158114785253,750.448118586089
20051130_60822_0400_PP.png,L,390.9438065414057,668.6851078636047
IM002336.png,R,1104.316570881226,730.294380587484
20060412_59735_0200_PP.png,L,258.01492109038736,432.74720229555237
20051214_40994_0100_PP.png,R,1099.6101121742,645.6084625536126
20051021_40248_0100_PP.png,L,372.0862438532341,667.592106922204
IM002003.png,R,1109.085257985258,723.2525798525799
20051020_64945_0100_PP.png,R,966.8093449519231,725.9483173076923
IM003596.png,R,1063.4894459102902,748.9412928759895
20060410_40499_0200_PP.png,L,220.90717821782178,465.536303630363
20060411_58913_0200_PP.png,L,212.33908948194662,409.8864468864469
IM002215.png,R,1070.6241569045083,732.0952254171104
20060530_54107_0100_PP.png,R,1075.207760989011,635.4900412087912
20060412_51835_0200_PP.png,R,623.1287128712871,433.2821782178218
20060522_45248_0100_PP.png,L,395.20216049382714,682.7685185185185
IM004600.png,L,338.3664419087137,644.7450726141079
20060412_58747_0200_PP.png,L,238.62186865267435,415.7153012863913
IM000198.png,L,341.89863955748245,701.9162057108686
20060407_42308_0200_PP.png,L,131.19767763339783,436.677356925629
20060522_45691_0100_PP.png,R,1063.0704794163628,654.5838978634706
20051214_56269_0100_PP.png,L,389.77238990598715,629.2338776183408
20051214_56438_0100_PP.png,R,1173.9854855431402,729.5737818223707
IM002544.png,L,350.67550874970306,689.723968643598
20051020_63936_0100_PP.png,R,1010.4112436731742,711.7165582067968
IM002300.png,R,1013.3638846219492,763.900153609831
20060407_42099_0200_PP.png,R,671.7190883190883,416.07179487179485
20060530_54653_0100_PP.png,L,430.4137394012805,729.7051392974563
20051214_40719_0100_PP.png,R,1080.9154322352422,666.3931019235021
IM003989.png,R,1009.7088363109609,703.5462739417351
20060530_54632_0100_PP.png,R,993.1347573839662,684.7958860759494
IM002208.png,R,1005.9933161953727,762.861353898886
20051020_61804_0100_PP.png,L,349.04397590361447,626.2808950086059
20051110_38352_0400_PP.png,L,236.3187066974596,431.2286374133949
IM001329.png,R,1093.127720299679,755.1709775240813
20060523_43267_0100_PP.png,L,357.1825738916256,701.7223932676519
IM004645.png,R,1044.4822474149744,685.1006602715834
20051216_44811_0200_PP.png,R,667.6921119592876,425.40373197625104
20060407_45949_0200_PP.png,L,206.83806253388758,443.7446231700705
20051020_65230_0100_PP.png,L,394.07952316281876,654.2631658367285
20051020_57844_0100_PP.png,L,332.1652426831485,665.207780403563
20051110_38472_0400_PP.png,R,728.251040221914,430.5561719833564
IM004646.png,L,363.4412640635341,630.71012574454
20051020_62014_0100_PP.png,L,460.7273803119957,672.0557288864982
IM002902.png,L,382.99070029589967,716.007749753417
20051116_54825_0400_PP.png,R,697.0129846708746,446.69359783588817
IM004764.png,L,361.53534386468806,676.6754427955959
20051205_59738_0400_PP.png,R,1152.8196672900876,735.1230436066542
20060411_57962_0200_PP.png,R,678.5104063429138,428.60555004955404
20051213_62046_0100_PP.png,R,1060.7234841374132,582.7469495025342
20060523_43105_0100_PP.png,R,1103.27441676552,704.9138658231185
20060523_49809_0100_PP.png,L,387.02106969205835,627.2839546191248
20051205_58431_0400_PP.png,L,372.3852915323762,676.8652212130091
20051110_38280_0400_PP.png,L,111.98693948628646,485.4632128863735
20051021_52075_0100_PP.png,R,1056.7975013014054,691.2483081728267
20051116_43785_0400_PP.png,R,698.3534093924118,410.7275139294243
IM001673.png,L,387.5221066319896,637.1228868660598
IM001674.png,R,1072.5858201862764,698.1070138756891
IM003747.png,R,1080.8355343469093,696.0234158251027
20060523_43016_0100_PP.png,R,1022.4767547857793,642.535095715588
20051020_61998_0100_PP.png,R,1034.0446546830653,692.3556291390729
IM001123.png,R,1047.8573357335733,764.1068856885688
IM004607.png,L,338.80068259385666,662.6666666666666
IM004207.png,R,1055.2391602634468,697.3653951701427
IM000531.png,L,122.25509040560353,633.7617961665852
IM004748.png,R,1108.9261691767638,714.8660400860605
20051130_55160_0400_PP.png,R,667.8336783988958,440.51173222912354
20051130_59775_0400_PP.png,R,1180.5121741621313,778.8875202902702
20060530_51279_0100_PP.png,L,366.20236070821244,634.4146243873162
20051021_58388_0100_PP.png,R,1022.9840677966101,657.4147457627118
IM004343.png,R,1047.275535512965,696.1751972942503
IM001745.png,L,448.99609565641776,703.7037579306979
20051205_59901_0400_PP.png,R,1090.1439988160425,712.5792511469587
IM002860.png,R,1200.2317647058824,805.5366386554622
20051116_43954_0400_PP.png,R,697.9562517640418,481.54530059271804
IM003626.png,L,384.5797888386124,646.4564102564102
20060412_51775_0200_PP.png,L,,
IM001217.png,R,1078.1894131800561,753.4105066167625
IM001161.png,R,1048.9115646258504,698.9262523191095
IM000327.png,R,1115.3893269230769,773.4164423076924
IM001866.png,R,1066.2532086143137,739.6319338699152
20060410_43847_0200_PP.png,R,692.4583333333334,477.5381355932203
20051116_54642_0400_PP.png,R,751.3488661848991,507.6939945178171
IM002202.png,L,,
20060411_61402_0200_PP.png,R,686.4149635036497,419.6375912408759
IM000114.png,L,348.248469523556,675.5974181527815
IM002148.png,L,342.70678895612707,670.5404689863842
20051205_35142_0400_PP.png,R,678.9383886255924,448.77333608077475
IM004208.png,L,347.6948338005607,576.5754905887064
20060523_50556_0100_PP.png,L,353.1351668404588,669.2891032325339
20051214_51840_0100_PP.png,L,397.75373878364906,708.772183449651
20060412_61169_0200_PP.png,L,195.84666778019042,410.13880073492567
IM004261.png,L,381.7640168805443,623.9892343467402
IM000413.png,L,331.30625,664.14640625
20051130_60630_0400_PP.png,L,392.1723140973748,678.863652133688
20051116_44816_0400_PP.png,R,1110.564398200225,767.0933633295838
IM002695.png,L,385.83206470028546,722.4217411988583
20051130_59993_0400_PP.png,L,379.8607342378292,646.3040702314445
IM001200.png,L,,
20060523_48709_0100_PP.png,R,1094.1507398700041,709.5916194164016
20060411_58494_0200_PP.png,L,248.79658952496956,453.2867583086828
20051021_58178_0100_PP.png,R,1078.6220509226816,665.6391808767422
IM002543.png,R,1124.573146292585,698.2392284569138
20051214_56688_0100_PP.png,L,336.36567283163265,666.3683035714286
20051205_59351_0400_PP.png,R,1120.4654545454546,712.2947107438016
20060411_58718_0200_PP.png,R,671.8065482559384,420.7074684356944
20060410_41767_0200_PP.png,L,220.8053097345133,438.94377928162413
IM000213.png,L,348.19027512939255,715.4741214927813
20060412_58723_0200_PP.png,R,692.6146095717884,456.3808564231738
20051205_58037_0400_PP.png,R,1254.8005952380952,862.4871031746031
20051020_63269_0100_PP.png,R,1038.6999322646195,703.4398284037029
IM003811.png,R,1049.0550564145424,738.2764312578354
20060523_49591_0100_PP.png,L,373.2896633195511,663.5852333136444
IM000860.png,R,1182.9486943164363,809.9886328725038
20051130_55393_0400_PP.png,L,239.9233870967742,464.91733870967744
20060412_61433_0200_PP.png,R,698.6560598970519,417.56013102480114
IM000587.png,L,346.87432867883996,712.8216970998926
IM003019.png,L,359.03951442072673,586.4222747270653
20051214_52204_0100_PP.png,R,1302.2851675750899,598.7350110170474
20060529_57156_0100_PP.png,R,1076.7246333433104,699.3213109847351
20060412_59037_0200_PP.png,L,257.22222222222223,441.1916545366327
IM001321.png,R,1109.141839064554,681.8468138102816
20060529_56968_0100_PP.png,L,425.91624040920715,644.1986359761296
IM003687.png,R,1014.5419907921893,656.4146689950786
20051130_60691_0400_PP.png,R,1041.3986902927581,708.9246918335901
IM000848.png,L,418.21870944909756,665.5774448507727
20060412_58368_0200_PP.png,R,678.4352806414662,446.61626575028635
IM002500.png,L,389.2133148404993,718.0072122052704
20051021_51561_0100_PP.png,R,1089.275707437761,739.7198082573063
20051110_33960_0400_PP.png,L,231.3146718146718,423.36872586872585
IM003968.png,R,1198.2470895222802,689.0473705339222
IM004494.png,R,1054.0423578199052,708.551737756714
IM001174.png,R,1135.8345396825396,741.2940952380952
20060410_41098_0200_PP.png,L,229.83282950423217,455.6408706166868
IM002577.png,R,1103.326329194524,691.4664119707099
IM001758.png,R,1110.0378509196514,730.9635043562439
IM002465.png,R,1115.18812860676,733.1912613355317
20051117_37321_0400_PP.png,R,653.3028820010876,443.9516041326808
IM002585.png,L,358.94320188346086,630.3184961742202
20051130_60601_0400_PP.png,R,1143.8479087452472,745.1517743979721
20060523_43354_0100_PP.png,L,294.00314915545374,664.715812577536
IM001416.png,L,334.2292272379495,770.9505738332058
IM002252.png,L,276.3096804511278,673.234962406015
20060412_58802_0200_PP.png,R,675.9637033140452,423.3074697527617
IM003070.png,L,414.5742108797851,648.8739646295053
20051201_37557_0400_PP.png,R,1054.9549689440994,720.4633301481127
20051130_54943_0400_PP.png,L,242.32254196642685,414.7074340527578
20051130_54595_0400_PP.png,R,769.1144666341938,452.12226010716023
IM003011.png,R,1092.5411417016644,686.1390573961736
20060523_43123_0100_PP.png,L,283.2502799552072,662.5898967276347
20051020_64249_0100_PP.png,R,1062.6074374388368,651.4064029078709
20060411_58550_0200_PP.png,L,,
20060522_45873_0100_PP.png,L,292.98676442582365,644.5343744048753
IM001984.png,R,927.0015675516802,748.4433232095621
IM003625.png,R,999.6349740932643,705.1481865284974
IM003474.png,R,1000.5869094061552,654.3777633289988
20051214_57404_0100_PP.png,L,342.5772800942979,651.978340945926
IM000690.png,R,1117.38917417291,754.2660998400539
IM003244.png,L,354.02670157068064,628.6125654450262
IM002529.png,R,1132.635997900997,723.7068392513556
20051020_43906_0100_PP.png,L,383.2744133764227,677.2076717718139
20051216_47024_0200_PP.png,L,200.3922161345173,435.5667863215568
IM002615.png,R,1109.3400156952273,745.2811585931369
20060523_45316_0100_PP.png,L,355.99886731391587,598.5255663430421
20051202_39630_0400_PP.png,R,1093.5254472815702,675.5726941115164
20051201_38349_0400_PP.png,L,373.92297496318116,671.4746686303388
20051212_37442_0400_PP.png,L,369.03201506591336,634.0665125834618
IM003765.png,R,1061.1656086116477,711.3259729505934
IM002909.png,L,370.71179499180903,699.94125906857
IM004538.png,L,443.54972804972806,629.2610722610723
20060407_44192_0200_PP.png,L,173.8016147635525,421.91753171856976
20051214_51039_0100_PP.png,R,1084.7201017811706,663.950018175209
IM002222.png,R,1280.120582765034,806.9756664600123
IM000653.png,L,339.92435258557305,663.0739318683114
IM002704.png,L,362.86283242142764,697.4162107138312
20051130_55004_0400_PP.png,R,692.6766975308642,450.4938271604938
IM002997.png,R,1045.6883561643835,652.6207191780821
IM000601.png,R,1083.1336383337346,720.1098001444739
IM000579.png,R,1091.0916209070572,735.3505186089079
20060412_58314_0200_PP.png,L,267.57704081632653,447.4265306122449
20051116_54692_0400_PP.png,L,231.13753016012282,400.1599034876069
IM001181.png,L,368.25462052693666,685.7137239480928
IM004252.png,R,1010.7067153951576,682.2841480127912
20051116_54663_0400_PP.png,L,148.15928571428572,499.4138095238095
20060412_60573_0200_PP.png,L,278.2757177033493,446.4288277511962
20060529_57287_0100_PP.png,L,442.459022556391,677.856015037594
IM001867.png,L,389.6867155461663,659.1272523921958
IM001911.png,R,1123.874454428755,743.5496790757381
IM001637.png,R,1089.1068796068796,702.3648648648649
IM000859.png,L,235.35327008858454,657.4223785889301
IM003759.png,L,295.1128366099455,635.2524368081943
IM002845.png,L,234.00183908045977,854.6563218390804
20060407_42133_0200_PP.png,L,,
20060407_45087_0200_PP.png,R,664.9572471324296,409.31783107403544
IM000425.png,R,1073.0929992630804,687.1913043478261
20060523_48728_0100_PP.png,L,338.0407938257993,673.340407938258
20051201_37312_0400_PP.png,R,1079.2497107916047,741.3829119153859
20051110_35926_0400_PP.png,L,248.59847596717466,435.5216881594373
20060529_57030_0100_PP.png,R,1074.3576213636782,645.9338350004589
IM003688.png,L,353.8604935255314,687.4312240410457
IM004528.png,L,411.14031078610606,731.6386349786716
IM002515.png,L,343.8780823367552,623.3736903376018
20060411_60446_0200_PP.png,L,208.51127663976825,449.397268777157
20060411_58993_0200_PP.png,L,234.4611600737856,460.1438819430211
20051202_54555_0400_PP.png,L,225.3791281373844,453.17140026420077
20051020_61757_0100_PP.png,R,1094.4237174095879,690.7325483599664
20060522_45212_0100_PP.png,R,1031.6604346810002,690.7289086235102
20060411_61029_0200_PP.png,R,680.2285375962108,428.3753700414446
20051021_59504_0100_PP.png,L,347.28489304812837,672.1826203208556
20060410_41191_0200_PP.png,R,682.5393222506394,427.76054987212274
20051214_41055_0100_PP.png,L,330.95510437517873,614.8018301401202
20060529_56730_0100_PP.png,L,354.77510040160644,687.9648003779826
20051216_46660_0200_PP.png,L,254.94885229540918,427.1926147704591
IM002223.png,L,173.40461095100864,778.9702593659943
IM001752.png,R,1065.7313703284258,775.5755379388448
20051110_38507_0400_PP.png,L,205.46871599564744,438.33677910772576
IM004529.png,R,986.5399626919213,732.1368919500645
20051021_51936_0100_PP.png,R,1027.2182829336114,620.3910323253389
20051020_44762_0100_PP.png,R,1095.686788456447,667.1162298120202
IM001245.png,R,1131.2118662587413,751.4017701048951
20051020_64703_0100_PP.png,L,360.06235989402893,664.3792541267577
20051130_60760_0400_PP.png,L,335.23887423043095,644.4613896218118
IM002901.png,R,1105.6091673447247,728.81055058313
IM004346.png,R,1053.8463817663817,661.897321937322
20051216_47420_0200_PP.png,L,270.2287373004354,449.42060957910013
IM002732.png,R,1122.9257794676805,728.9130038022814
IM000450.png,R,1082.1878007359185,713.1168978205491
20060412_59717_0200_PP.png,R,692.9090602896598,425.18154260693836
20060407_46257_0200_PP.png,L,233.18682891911237,466.1875447387258
IM003857.png,R,1074.0934998093785,673.6324818909645
IM004191.png,R,1078.6597137014314,700.4245398773006
IM001513.png,R,1053.0729199127454,720.9727329386102
20060407_44285_0200_PP.png,R,671.4115233092581,449.22488509520684
IM000881.png,L,399.8020916221439,759.6048652949869
IM002321.png,R,1309.3957450727573,623.8829434518327
IM004537.png,R,978.8097303997521,694.8532692903626
20060411_60511_0200_PP.png,R,696.818247385503,425.7839884601515
20051202_55484_0400_PP.png,L,225.3791281373844,453.17140026420077
20060410_39476_0200_PP.png,R,711.494205862304,428.21506475800953
20051201_38475_0400_PP.png,R,1070.755980861244,799.8210091344063
IM001560.png,L,365.81833379771524,687.6865422123154
20060412_52038_0200_PP.png,L,199.84619289340102,445.12918781725887
20060407_41149_0200_PP.png,R,678.4649764767381,453.7381076842656
IM001805.png,L,380.7905976568293,689.4993326412576
20060412_51656_0200_PP.png,R,862.5187347931874,372.3965936739659
IM001831.png,R,1130.7728948114545,729.06988942444
20060407_43618_0200_PP.png,L,240.48957148274553,456.64353431930226
20051109_59751_0400_PP.png,R,689.8117092532871,373.261721657157
20060410_39859_0200_PP.png,R,684.6952965235174,428.77402862985684
20060529_56834_0100_PP.png,R,1048.9496861068146,685.9099263033391
20051130_55086_0400_PP.png,L,243.8359133126935,461.55417956656345
IM002861.png,L,386.75704225352115,652.8847508125677
20060412_52497_0200_PP.png,R,698.926926926927,387.05405405405406
20051202_48421_0400_PP.png,L,214.37169948942378,423.2123997082422
20060523_49120_0100_PP.png,L,391.6091533180778,694.5173913043478
20060407_39687_0200_PP.png,L,232.09167132476244,452.2012297372834
20051205_60119_0400_PP.png,L,195.2343385304827,845.8802165997572
IM000712.png,R,1125.11569065713,731.8567724631203
20051214_56821_0100_PP.png,L,276.1721186181596,789.0493732803424
IM003718.png,L,,
IM002501.png,R,1094.6329974505281,721.9328639067621
IM001680.png,L,383.25976480470393,687.4857202855943
IM002456.png,L,571.129207958242,711.5343066797791
20060410_40846_0200_PP.png,L,202.77472527472528,451.83035714285717
IM002442.png,L,,
IM000072.png,R,1262.671103544343,721.2703915802507
20060522_45455_0100_PP.png,L,362.1618006850432,601.7912249225249
20051205_58091_0400_PP.png,L,333.36739282114894,659.840995426002
IM004831.png,R,1081.7132246750568,697.474726635032
20060410_40481_0200_PP.png,R,671.3548387096774,438.14880332986473
20051020_57622_0100_PP.png,L,349.7094260737362,755.3544279741543
IM000160.png,L,384.31773007354406,673.9638242894057
IM002493.png,L,393.0051014687745,604.7069178158987
20051214_51308_0100_PP.png,R,1116.4136210384356,626.6612272420768
20051201_38199_0400_PP.png,L,358.39266900790165,696.7892888498683
IM002666.png,L,440.0927057864711,611.1762428687856
IM000516.png,R,1173.7646266829865,817.6066095471236
IM004052.png,L,329.7865149013815,661.2742201755149
20051213_62572_0100_PP.png,L,340.488033589923,730.1931420573828
20051214_51442_0100_PP.png,R,1064.3097450302507,695.222882454624
20051020_62878_0100_PP.png,L,201.19649446494466,604.8067343173432
20060410_39355_0200_PP.png,L,230.88762354963472,397.1097980232058
IM001582.png,L,371.72474686107734,683.9077359254759
IM001687.png,R,1126.100790513834,785.6346069389548
20060529_57174_0100_PP.png,L,346.0613920507557,711.205262175779
20060407_39435_0200_PP.png,L,219.71195365982095,403.5724065297525
IM000372.png,R,1125.0585324232081,714.3435153583617
IM004162.png,R,1027.0764629388816,678.4898569570871
20060407_44510_0200_PP.png,R,679.643855776306,429.29482462595047
20051130_60234_0400_PP.png,L,356.8616892545983,652.9833010648597
20051212_36525_0400_PP.png,R,1101.3577026696057,738.2517756551555
IM004036.png,L,321.6211154837834,635.8716243723708
IM000777.png,L,,
20051110_38194_0400_PP.png,L,233.34290107637108,380.19169656586365
20060412_60396_0200_PP.png,L,230.9849658314351,432.38405466970386
IM004183.png,R,1019.4545761187318,704.0292331909152
IM002846.png,R,1014.4511565236919,763.6835841006064
20060411_51985_0200_PP.png,L,242.24800637958532,418.43979266347685
IM002487.png,L,284.80108650229835,730.6591725867113
IM004270.png,L,,
IM002356.png,L,404.46306109725685,694.3778054862843
20060407_44889_0200_PP.png,L,235.4392561983471,418.8479338842975
20051205_58613_0400_PP.png,R,1112.9650241970965,689.1610206775186
IM002523.png,L,365.84086755208966,691.1796027781162
20060523_48591_0100_PP.png,L,373.1792194453954,656.4005477576172
20060411_61641_0200_PP.png,L,216.6891959798995,454.18793969849247
IM003795.png,R,1055.4235179575942,666.0113587191692
20060407_44766_0200_PP.png,L,211.87665431445208,442.69957649550025
20060412_62936_0200_PP.png,R,682.8037676609105,410.48979591836735
IM004227.png,R,1007.1136824525826,715.4140522485984
20051130_55311_0400_PP.png,L,165.32281059063138,406.2518669382213
20060410_40830_0200_PP.png,R,710.1163649796823,429.1348356113779
20060530_55180_0100_PP.png,R,1004.8746421267894,719.4298568507157
IM004391.png,L,306.3753108348135,641.2042628774423
20051205_57704_0400_PP.png,R,1109.5948263118994,688.2983000739098
20060522_45069_0100_PP.png,L,343.92972593113143,688.5045678144764
20060411_58829_0200_PP.png,L,207.92567567567568,387.8243243243243
20051205_58354_0400_PP.png,L,379.3256205773335,654.5955295967651
20060523_50262_0100_PP.png,L,404.04655281467427,640.6914611005693
IM001468.png,L,437.8764135702746,650.3116585891222
20051202_55626_0400_PP.png,R,682.4815521628499,414.904262086514
20051130_60794_0400_PP.png,R,1101.795605858855,739.0009320905459
IM004086.png,R,1008.9110010249402,699.8242227536728
20051116_44804_0400_PP.png,L,419.29102687140113,642.1871401151632
20060523_49745_0100_PP.png,L,376.48098055790365,675.862576983456
20060411_61687_0200_PP.png,R,665.3319006685768,430.5176695319962
20051202_41260_0400_PP.png,R,696.0516862170088,454.18878299120234
20060530_53132_0100_PP.png,R,1061.5511572571922,700.6662340471555
IM000313.png,L,,
20051214_56242_0100_PP.png,R,1074.547695262484,695.9902368758003
20060410_44248_0200_PP.png,L,207.7775903614458,449.7074698795181
IM004570.png,L,332.2579454582735,640.188230469551
20051201_38164_0400_PP.png,R,1076.8171257260633,731.8716507401161
IM004439.png,R,1028.7218958881913,713.4247518736074
IM002134.png,R,1106.72,679.6569193154035
20060523_49288_0100_PP.png,L,442.9134560092007,601.7331799884992
20051207_62320_0400_PP.png,L,386.6960197978965,755.9201897298412
IM000580.png,L,362.2617183310093,679.3451678644213
20060411_58644_0200_PP.png,L,225.41544374563242,440.2456324248777
20060412_61525_0200_PP.png,L,241.4463295269168,396.68548123980423
IM001153.png,L,223.90370040124833,780.2778421756576
20051021_52127_0100_PP.png,L,387.17561828628527,651.86060454659
IM001034.png,L,383.9062714422945,678.2724029092905
IM003147.png,L,307.2349608848125,662.0100710367773
IM004027.png,R,1070.3993074792245,701.0461218836565
20060411_59859_0200_PP.png,L,208.26242236024845,571.9839544513458
20060412_61450_0200_PP.png,L,249.89132947976879,407.4747591522158
IM001539.png,L,386.7747567639611,647.7962148473944
20060410_43868_0200_PP.png,L,225.25406301824214,432.06102819237145
20060522_46104_0100_PP.png,R,1095.7694672131147,653.7862448770492
20060410_47186_0200_PP.png,L,322.602766798419,424.27272727272725
20051205_33006_0400_PP.png,R,705.954328358209,429.35432835820893
IM001854.png,L,355.3780857514075,694.0153024397285
20051214_41582_0100_PP.png,R,1043.9241062512483,615.2573397243858
20051214_50895_0100_PP.png,R,1065.7184387617765,730.8807537012113
IM001701.png,R,1082.2538136968517,697.6061343719572
IM001231.png,R,1165.6286101083033,790.7429087158329
IM002828.png,R,1064.6959826275788,719.4370249728556
20051020_55346_0100_PP.png,R,880.7715036112935,650.0686145764938
20060530_53761_0100_PP.png,L,431.6888159693738,703.927536231884
20051208_39297_0400_PP.png,R,1106.2038216560509,731.5596310125192
20051130_58921_0400_PP.png,R,1125.2192093258996,735.1749873289407
20051116_59150_0400_PP.png,R,1202.9795904053865,712.8849067190349
20051202_48393_0400_PP.png,R,697.6847457627118,430.62638172439205
IM001759.png,L,358.49659239842725,677.6262123197903
20060523_50003_0100_PP.png,R,1073.814859197124,710.5763930497304
IM001629.png,R,1042.7983769161406,696.7947700631199
IM001211.png,L,369.4577777777778,761.3187777777778
20060410_46893_0200_PP.png,L,227.94011299435027,434.769868173258
IM001985.png,L,496.1858113446042,687.7238110285986
IM000212.png,R,1116.2213682615284,741.9703399004113
IM001103.png,L,362.79365727507826,724.3259833945829
20051021_57975_0100_PP.png,R,1049.3824584284316,675.7050864036518
20060523_48931_0100_PP.png,L,421.06443505083973,686.8963783845538
IM000840.png,R,1050.215598437859,772.1629910406616
IM003146.png,R,1138.909001765052,703.9597960384389
IM004313.png,L,362.39569134351746,610.2745789267528
IM004133.png,R,1024.4174061964814,744.9673049976647
IM002034.png,L,426.3570995145631,696.9679915048544
20051020_57761_0100_PP.png,R,1090.9523303207513,724.775828460039
IM000850.png,R,1067.2700686715605,697.846672981293
20060530_53152_0100_PP.png,L,365.8192771084337,655.6790799561884
20060412_61299_0200_PP.png,R,686.121919302072,425.6992366412214
20060412_60845_0200_PP.png,L,221.031884057971,458.5971014492754
20051021_59243_0100_PP.png,L,330.08625336927224,586.9694519317161
IM001766.png,L,162.39385349172065,786.707658387329
IM004298.png,L,362.22347417840376,657.6478873239437
20060407_45107_0200_PP.png,L,229.40252744976175,464.97721151854154
IM004013.png,L,347.30651404101127,624.9633533723132
20051021_40450_0100_PP.png,L,388.1500565539776,633.2081186376776
IM004168.png,L,367.4848777793122,672.6385858306863
IM000733.png,L,339.113453728506,700.4849218007431
20060407_45737_0200_PP.png,L,240.86649214659687,442.2939416604338
20060412_60895_0200_PP.png,R,752.6146557169931,496.1711939355654
20060412_51952_0200_PP.png,L,232.53687943262412,431.02695035460994
IM002733.png,L,356.3661398235237,622.283622612237
IM003878.png,R,1018.6314782096584,707.7467608951708
IM001667.png,L,390.9865626354573,712.1881953474931
20060407_41831_0200_PP.png,L,212.162,440.59575
20051205_59367_0400_PP.png,R,1246.2401861594496,776.4350465398624
IM000086.png,L,373.4445110378584,729.1852961742084
20051020_45050_0100_PP.png,R,1016.3199337904942,684.4292977063136
20051205_59923_0400_PP.png,L,349.47143202514303,678.298331855911
20060523_45548_0100_PP.png,L,388.77302687172556,739.3192496197397
IM002284.png,L,,
20051205_57838_0400_PP.png,R,1104.8326075122482,705.8658138268917
20051216_47000_0200_PP.png,R,718.05705268269,411.62151007526097
20051130_54030_0400_PP.png,L,225.59618045945197,449.4782729034044
IM003475.png,L,392.2681312863949,625.6950767601905
IM003287.png,L,396.1962121212121,674.060606060606
20060522_45718_0100_PP.png,L,369.1726223972988,691.1321046707935
IM000100.png,L,354.1432607308849,697.4718855372278
20051205_57879_0400_PP.png,L,349.8789187991581,703.4870942727373
IM004277.png,L,,
IM002399.png,R,1077.9634178552562,743.479529846804
20051216_45245_0200_PP.png,L,,
IM003794.png,L,349.2415072794747,593.3446569607004
IM003424.png,L,366.7914004914005,635.7890663390664
IM004669.png,R,1009.5627384484951,679.0526706231454
IM002357.png,R,1054.8053920637935,772.8598822859312
20060529_56013_0100_PP.png,R,1104.7959650879955,649.4894834740306
20060530_55837_0100_PP.png,L,372.17177615571774,613.0650446066504
20060410_40953_0200_PP.png,R,701.953323903819,422.6958981612447
20060523_48406_0100_PP.png,R,1129.4527267982953,642.4844742106636
IM000161.png,R,1060.6438278057587,721.5545946973297
IM004471.png,L,,
IM000683.png,L,393.1767349737183,704.343109621391
20051109_60031_0400_PP.png,L,220.04547221142636,409.8010104935872
20060411_58392_0200_PP.png,R,770.6610794502179,420.800871605766
IM004269.png,R,1176.2936821322803,729.208292201382
20051208_39462_0400_PP.png,L,373.0615858352579,694.8285219399538
20060523_50539_0100_PP.png,R,1076.9212022745735,640.7186569184945
20060523_49010_0100_PP.png,L,441.45682396710396,695.7442725670649
20051130_54121_0400_PP.png,L,150.3116883116883,453.6723276723277
20060410_44953_0200_PP.png,L,252.58694754233787,454.05741429161503
20051216_44221_0200_PP.png,R,692.5455112219452,444.107855361596
IM000554.png,L,348.5069905380596,705.5641858494563
20051212_38000_0400_PP.png,R,1061.96195083682,723.0808054393306
20060407_46394_0200_PP.png,R,644.9943009118541,412.866641337386
20060411_58571_0200_PP.png,L,,
20051130_59850_0400_PP.png,R,1055.9858607281726,710.4575468363379
IM000093.png,L,392.5596314907873,688.4137353433836
20060530_54332_0100_PP.png,L,344.9618268575324,707.0482276755283
IM001089.png,L,359.2634588677396,676.4889306429213
IM001845.png,L,332.5664851572106,717.9283330405761
20060529_57261_0100_PP.png,R,1016.2354921766687,649.044761338879
20060410_43698_0200_PP.png,L,227.3559460563956,414.5308541070699
IM002455.png,R,888.2860297364934,729.854850581481
20051202_56050_0400_PP.png,L,203.39992219412565,413.6714646955845
IM001415.png,R,1105.4521815008727,736.8757417102967
20060410_40633_0200_PP.png,L,231.6287377082079,436.349989965884
20060410_41209_0200_PP.png,L,228.36162687886826,418.8753315649867
IM002052.png,L,399.84246794871797,652.4392628205128
20060412_57874_0200_PP.png,L,113.99554234769688,499.16146607231303
20060410_44504_0200_PP.png,L,200.8841698841699,436.8869583869584
20051214_56636_0100_PP.png,R,1100.541095890411,671.6024028744666
20051117_37185_0400_PP.png,R,708.4960513326753,475.8988153998026
IM000350.png,L,415.3234725732124,697.9790396907982
IM001372.png,L,370.68038834951454,690.3076699029126
IM002621.png,R,1059.782463928968,798.9605376741891
20060412_59355_0200_PP.png,L,252.6269573226896,436.9867976665643
20051021_36476_0100_PP.png,L,399.44717880501054,627.1250415696708
20060523_50806_0100_PP.png,L,352.88765541740673,669.1767317939609
20060523_49663_0100_PP.png,R,1074.578974293388,657.3213965980304
20060411_58155_0200_PP.png,L,236.76897997205404,465.1397298556125
IM002070.png,R,1110.4512884978,722.193588937775
20051214_57125_0100_PP.png,R,1015.8735649102149,687.9367088607595
20060407_46422_0200_PP.png,L,233.03447293447294,412.3094017094017
20051130_55074_0400_PP.png,R,650.7894461859979,475.2957157784744
20051130_54956_0400_PP.png,R,669.2189685314685,444.82954545454544
IM001460.png,R,1087.3046753459428,687.3424220093343
IM002642.png,L,371.8895665834951,685.7114869235745
IM003161.png,L,358.02022605591907,642.1924449732302
20060523_50631_0100_PP.png,L,426.71979985704075,690.2937812723374
IM003950.png,R,1090.4909040411053,684.9218164143869
20051205_57942_0400_PP.png,R,1076.8147640493441,715.7957705110632
20060411_60283_0200_PP.png,L,237.27372262773721,443.57365627073654
20051020_45137_0100_PP.png,L,329.97271268057784,655.9229534510433
20051130_58874_0400_PP.png,R,1033.0874029222061,779.4006844807161
IM004423.png,L,,
IM001358.png,L,396.0663687738205,663.8283611512683
IM000138.png,R,1092.5799106656498,770.3277045429785
IM003125.png,L,341.8067092651757,641.1329637286225
IM000123.png,L,,
IM004053.png,R,1078.5679518992174,700.6742698988356
20060523_48816_0100_PP.png,L,367.7168191151764,643.3263020347209
IM000405.png,R,1123.8143762049021,744.0005508124484
20051214_51071_0100_PP.png,L,333.9354664749236,693.9085026065072
20051205_57651_0400_PP.png,L,353.5073951954781,661.1252001884126
20051020_62709_0100_PP.png,R,1272.4542462146148,667.4384463462804
IM000697.png,L,365.56131650135256,678.6915013525698
20051110_38239_0400_PP.png,R,689.0907640135647,439.12268102932376
20051202_54197_0400_PP.png,R,1097.0152748355447,815.7766752146282
20060412_59658_0200_PP.png,L,242.6137504828119,446.89532638084205
20060523_49515_0100_PP.png,L,199.78909405654935,761.7435083669936
20060529_56420_0100_PP.png,R,1036.8154534903001,672.269109600398
IM000291.png,R,1118.8291746641075,723.3446497120922
IM000146.png,L,229.2899853264857,700.1691122523845
IM000168.png,L,290.822505361423,700.9403305159581
IM000349.png,R,1082.158273381295,676.4460431654676
20060411_62319_0200_PP.png,L,195.5178818415333,425.93519067377986
IM002718.png,R,1052.8195211786372,719.8351749539595
20051110_35239_0400_PP.png,R,724.9015506671475,487.92282726289216
20060412_60825_0200_PP.png,R,697.2693032015065,433.1344632768362
20060407_45362_0200_PP.png,R,686.8645655877342,423.8743611584327
20060530_55628_0100_PP.png,L,374.049703473595,637.6222818412878
20060412_57952_0200_PP.png,R,690.9874577906415,414.3236854799807
IM002649.png,R,1094.9366710255931,722.6611246030263
IM002946.png,L,379.84589766878594,694.703451407811
IM003595.png,L,339.71938220578636,607.7735479660648
20051205_58080_0400_PP.png,R,1084.983048124046,737.8312043062585
20060410_39606_0200_PP.png,L,108.17903303015797,395.93154619435137
20051205_59702_0400_PP.png,R,1094.8650024473814,776.128046989721
IM004508.png,L,337.4671026555688,643.7193816884661
20060523_49573_0100_PP.png,R,1069.5934766763849,651.2586552478134
IM003788.png,L,395.8031496062992,654.0620078740158
20051205_59538_0400_PP.png,L,359.1933690688902,685.4278340281913
20060407_41809_0200_PP.png,R,709.5888423988843,415.20781032078105
20060529_56948_0100_PP.png,R,1014.0214285714286,660.609375
IM001630.png,L,425.257279504853,693.3437895625264
IM000167.png,R,1131.1038856452587,757.8926917656534
20051208_41373_0400_PP.png,L,156.59762396694214,769.7227272727273
IM001294.png,L,372.62115751536993,677.8577485690057
IM003176.png,R,1163.3898116358912,683.8003154866846
20060407_40957_0200_PP.png,L,241.03712296983758,413.02088167053364
20060411_60009_0200_PP.png,R,685.2534670994394,450.77220419002657
20051205_58577_0400_PP.png,L,350.3712804878049,666.2881097560976
20060412_52020_0200_PP.png,R,702.7701824930405,442.9381379523662
20060411_58736_0200_PP.png,L,248.52747252747253,456.95604395604397
20060412_52668_0200_PP.png,R,696.4091613188758,443.6510289887143
20060412_52122_0200_PP.png,L,230.69016018306635,445.433409610984
IM002982.png,R,1096.6174018615945,682.8192634560907
20051130_53623_0400_PP.png,L,207.15156794425087,414.23519163763063
20060410_44934_0200_PP.png,R,667.9416666666667,444.8176470588235
20051020_44431_0100_PP.png,L,329.8668488871535,676.3953533775868
20060407_39546_0200_PP.png,R,706.7996212121212,446.48977272727274
20060412_63032_0200_PP.png,L,210.01942857142856,431.9478095238095
20060411_58134_0200_PP.png,R,703.1959735765964,448.4230890217049
IM001387.png,R,1066.179008370895,744.6999356084997
20051130_59186_0400_PP.png,R,1148.3035742907516,700.2784100016028
20060530_51254_0100_PP.png,R,1094.017378805697,710.9364954919639
20051020_44714_0100_PP.png,L,244.05161830357142,539.6205357142857
IM004132.png,L,352.5770324047754,652.604206935759
IM000312.png,L,,
IM003413.png,R,1147.8013398608607,701.1538263334193
20060410_39695_0200_PP.png,R,693.428313253012,455.0819277108434
IM004342.png,L,318.0465886737758,513.3169065120613
IM004653.png,R,998.5742107421074,708.4860598605986
20060530_53617_0100_PP.png,L,366.1342562074269,670.5158206987476
20060522_46379_0100_PP.png,R,1062.6409633230226,667.7722050375608
20060523_50489_0100_PP.png,L,355.4195483972841,610.5869256276646
20051020_64775_0100_PP.png,R,1197.721027479092,597.365890083632
20051110_38313_0400_PP.png,R,670.9958748710898,439.95049845307665
20060412_58668_0200_PP.png,L,155.31895850284783,419.0655004068348
20051216_44961_0200_PP.png,L,252.40599714421705,436.40694907187054
20051130_53663_0400_PP.png,R,701.8621169916435,491.03040854224696
20051116_44615_0400_PP.png,R,1253.6360742123175,754.1587440992425
20060407_41937_0200_PP.png,R,689.2333333333333,452.78771929824563
20060411_59812_0200_PP.png,R,627.5375438596491,395.23040935672515
IM000888.png,R,1101.4042676731021,757.7204238641312
20051216_45226_0200_PP.png,R,679.0822102425876,454.3921832884097
IM001926.png,R,1061.2574834437087,738.9209713024283
20051130_58716_0400_PP.png,R,1141.6871335232033,759.9465572122633
IM002908.png,R,1108.175413022352,681.4782960803369
IM002149.png,R,1131.2654355323173,790.0017799532762
IM004461.png,R,1105.7955096612689,747.5250723617304
20060411_60263_0200_PP.png,R,669.5925308436146,404.43581193731245
IM001461.png,L,368.1309938387356,709.4565586213055
20051214_56944_0100_PP.png,R,1018.2643654402646,675.167837949566
IM003431.png,L,474.29627596303413,747.9500411748559
IM002697.png,R,1211.142811296534,899.3985879332478
IM000537.png,R,1387.2000318775902,697.3898629263628
20051021_39552_0100_PP.png,L,333.1442602823818,708.939226519337
IM001476.png,R,1072.443191782538,756.0033821871477
20060411_61624_0200_PP.png,R,698.6125892277742,441.75827384815057
IM001644.png,L,247.47250032505525,761.6564816018723
20060412_59338_0200_PP.png,R,664.9111034244206,418.75025942580424
IM002494.png,R,1129.7726658255226,739.3505317231435
20060529_56700_0100_PP.png,R,1233.4461179465422,636.5027577428936
20051213_61951_0100_PP.png,L,392.8163061261589,709.6914197418652
20060407_39780_0200_PP.png,L,183.4610492845787,415.8343402225755
IM004177.png,R,1042.7443276148313,694.9745434421693
IM002945.png,R,1068.9340393343418,766.5809379727685
IM000220.png,R,1069.430996395768,700.7574700616208
IM001160.png,L,413.61127422196125,651.8639166177334
20060529_57063_0100_PP.png,L,352.75845410628017,671.1670289855073
20051020_64570_0100_PP.png,L,415.8407608695652,722.7614130434782
IM003359.png,L,341.165910380034,668.0076574021555
IM002020.png,L,440.9822880371661,692.6837979094076
20051116_54587_0400_PP.png,L,204.22416436675866,442.72677092916285
IM004161.png,L,395.7100591715976,629.7700122808976
IM003949.png,L,316.08224650452354,637.2398073081894
IM002643.png,R,1066.843347446176,719.4571660210792
20060407_44743_0200_PP.png,R,704.4856938483548,465.01454458750595
20060530_53042_0100_PP.png,R,1054.6258102533884,642.0654095462581
IM000768.png,R,1132.4110731892301,721.5233219567691
20051117_37213_0400_PP.png,L,114.64689730917078,441.5345963756178
20060411_61781_0200_PP.png,R,704.8831603615668,462.6960160696351
20060407_43460_0200_PP.png,L,233.00833333333333,409.22777777777776
IM001948.png,R,1070.1622940817572,887.5311601150528
IM004306.png,L,342.6206940546058,778.0909670834396
IM000999.png,L,423.9304568527919,749.1515228426396
IM003330.png,R,1057.44291106393,717.329440905874
20060407_40761_0200_PP.png,L,242.0064829821718,439.1191247974068
20060523_45389_0100_PP.png,L,368.6082728056137,673.4884894743321
20051202_39708_0400_PP.png,L,365.2369547765587,711.8913567032379
IM004569.png,R,1046.1224322103533,720.1444535743632
20051130_59464_0400_PP.png,L,339.35483870967744,656.8172550213025
20060411_61564_0200_PP.png,L,242.95921198668145,462.0776914539401
20051214_40361_0100_PP.png,R,1058.1023699802502,678.2644832126399
20060410_44802_0200_PP.png,L,240.44613143412107,435.2880867594691
IM000473.png,R,1065.7323452484743,679.7648939261843
20060411_58891_0200_PP.png,R,693.1178621659634,415.61462728551334
20060410_44364_0200_PP.png,L,217.48105387803434,444.97276494967434
IM003694.png,L,345.61520622825907,624.704654629783
IM003563.png,R,1200.4108579738245,759.3888511875908
IM003337.png,L,352.624724436154,652.4641343055791
20051214_57154_0100_PP.png,L,401.3888987409115,677.1021457705267
IM002156.png,L,,
20051216_44420_0200_PP.png,L,229.0291340706771,429.3933099541408
IM004176.png,L,355.5143391521197,627.2150872817955
20060411_60533_0200_PP.png,L,197.7516129032258,448.76600496277916
20051212_41169_0400_PP.png,L,360.8016499600816,671.7111682781868
IM002650.png,L,403.66639770485926,668.3882911959835
20060530_55451_0100_PP.png,R,1069.2333280025587,650.4016472093396
IM000379.png,L,324.9898218829517,690.9252393069187
20060410_44124_0200_PP.png,L,211.9771210676835,461.16714331108994
20051201_38211_0400_PP.png,R,1107.4384715966876,688.7636205143107
IM004392.png,R,1215.2054248105305,675.857598723574
20060523_50790_0100_PP.png,R,1066.868864292589,668.679740134745
IM000834.png,L,256.1689637570189,651.3913221031138
20051205_35408_0400_PP.png,L,231.842125382263,428.11009174311926
20051117_37078_0400_PP.png,R,678.0857094075466,446.21546866996755
IM000013.png,L,401.87533239480683,716.3132332238386
20051214_51811_0100_PP.png,R,1007.2620462046204,656.6722772277228
20051020_44782_0100_PP.png,L,362.00241867214896,666.4735760067723
IM004005.png,R,1064.353591160221,657.6125690607735
20051021_40018_0100_PP.png,R,1036.459209750344,642.1075289954787
20051207_56227_0400_PP.png,L,418.2070739549839,240.43065380493033
20051130_60740_0400_PP.png,R,1083.667703568161,679.7277218664227
IM001798.png,R,1109.640141816033,722.2863896001576
20051205_35276_0400_PP.png,R,693.459505541347,405.62460926399547
IM000916.png,R,1116.6639323029099,768.4626543476384
20051205_58150_0400_PP.png,R,1145.1377260041256,782.1982769081422
20051216_43814_0200_PP.png,R,690.5184829572731,440.78828612578013
20051207_62252_0400_PP.png,L,359.8103916246607,694.1918056094094
20051130_60715_0400_PP.png,L,446.25944726452343,638.3959390862944
20051214_52242_0100_PP.png,L,300.5052766685682,622.5675984027382
20060412_59196_0200_PP.png,L,290.68037703513284,432.02313624678663
IM002665.png,R,1028.3993062640277,696.6506835339727
20051130_58998_0400_PP.png,R,1074.3907074973602,754.6291798662443
IM001308.png,L,368.5288576198426,635.2870259957072
IM000205.png,L,369.0773732880721,693.451597799368
20060410_41330_0200_PP.png,R,844.7318156579678,403.1204886174348
IM000668.png,L,401.2191106906339,717.0217596972564
20060410_41603_0200_PP.png,R,686.3981506663041,447.59097090019037
20051213_62314_0100_PP.png,L,381.89533325210186,650.3042524674058
IM000500.png,L,393.61896718146716,699.414333976834
20051216_47536_0200_PP.png,L,210.21633663366336,457.0539603960396
20060407_43223_0200_PP.png,R,699.349932705249,426.20233288470166
20060523_48499_0100_PP.png,L,352.10460398659376,616.4815664138296
20060411_59941_0200_PP.png,L,223.42770475227502,444.1071789686552
IM003382.png,L,287.45489799359297,759.8104872702748
20051214_40529_0100_PP.png,R,1064.6215862870424,684.5849796629866
IM001102.png,R,1101.2099696048633,737.6365957446809
20060411_59549_0200_PP.png,R,683.0866566716642,485.78830584707646
IM002466.png,L,354.7306230565473,734.4019348151561
IM001643.png,R,1103.476171976172,736.5239575239575
20060411_62298_0200_PP.png,R,715.2592314620234,428.3593515460823
IM000057.png,L,245.75822301632422,737.6596280354097
IM001110.png,L,348.2817994976022,700.1705868919845
IM000206.png,R,1112.759330491735,697.6744983886059
IM001912.png,L,345.3433761307266,708.1660344324482
20060412_63088_0200_PP.png,R,702.0253787878788,441.9590909090909
20060411_61214_0200_PP.png,L,251.48032936870996,406.3142726440988
20051130_55048_0400_PP.png,L,209.54306130124107,427.10981572019557
IM001218.png,L,398.7551190973673,658.1621395737568
20060522_43758_0100_PP.png,R,1064.038324772817,700.4567364677993
IM003481.png,R,1046.9360643590558,692.6279242087435
20051020_64653_0100_PP.png,R,1070.7675123059448,667.8922756531617
IM001293.png,R,1094.569141484891,735.9563738242946
20060407_43746_0200_PP.png,L,222.21634363541122,367.59664745940285
IM000895.png,L,386.9157509157509,616.7653642653643
20060523_48477_0100_PP.png,R,1065.3456400742116,618.5979591836734
20051020_63337_0100_PP.png,L,398.37410071942446,680.8808633093525
20051117_37042_0400_PP.png,R,839.7179980750722,499.5067372473532
IM001453.png,R,1088.1474489583766,727.2776830637448
20060523_48990_0100_PP.png,R,1082.5788423153692,710.6271457085828
IM002135.png,L,344.4609929078014,716.4519979242345
20051021_58683_0100_PP.png,R,1220.7611979856879,709.121123774185
IM004240.png,L,312.9883487344315,649.0168742466855
20051201_37409_0400_PP.png,R,1116.3419921175207,702.9645288427087
20060411_58238_0200_PP.png,L,267.683117583603,429.7742718446602
20060407_44061_0200_PP.png,L,263.43158155676747,401.65418939018343
IM003519.png,R,990.7938591210115,698.9670078266105
20060412_58497_0200_PP.png,L,192.7901505646173,426.99435382685067
20051020_44923_0100_PP.png,L,362.9375846195505,690.170457622529
20060411_59176_0200_PP.png,R,688.756038647343,454.68860708534623
IM001581.png,R,1218.406942644752,656.7717383891427
20060412_52587_0200_PP.png,R,713.8179135932561,447.9886195995785
IM003423.png,R,1047.620330562721,664.3365816375275
20060411_59587_0200_PP.png,L,223.47592713077424,399.4388418998048
IM004305.png,R,1085.9860243341006,574.8296612956265
IM003034.png,R,1080.3433624720471,713.1038829030291
20051020_53178_0100_PP.png,L,191.34448305821024,727.8049522154648
IM003632.png,L,347.9712325735782,638.1416242531534
IM000998.png,R,1013.4309349749904,717.7425933051173
IM003124.png,R,1047.891401948327,700.8382041507836
20060522_46149_0100_PP.png,L,350.69740150880136,710.7138865604918
20060523_49726_0100_PP.png,R,1075.287251143811,697.1901817732163
IM001483.png,R,1092.126456071076,737.7186574531096
20051216_46156_0200_PP.png,R,690.3062261753495,454.1086404066074
IM002201.png,R,1059.4211757823925,700.3971921614507
IM004765.png,R,1021.7215435868961,677.687673514714
20060412_52758_0200_PP.png,R,683.3150936467132,450.85200146896807
IM001490.png,R,1110.003369989358,733.7836112096488
IM003035.png,L,298.8844230769231,614.845
IM003230.png,R,1099.4951214448827,741.0927963462736
20060412_52910_0200_PP.png,R,739.5159653834676,455.7376902417189
20051205_31949_0400_PP.png,R,1019.7623076923077,719.233076923077
20051020_62802_0100_PP.png,L,144.45130237825595,652.6530294450736
IM003243.png,R,1044.9552197802197,673.3615384615384
IM002522.png,R,1108.2994371023005,663.0570239843368
20051202_51574_0400_PP.png,R,1082.9576410256411,744.1273846153846
20051202_55797_0400_PP.png,L,187.02164261931188,387.49195338512766
20060411_61548_0200_PP.png,R,672.1289840637451,443.0692231075697
20060523_45812_0100_PP.png,L,383.14491725768323,663.8271867612293
IM000924.png,R,1390.3350927703134,611.7480806142034
20060407_46070_0200_PP.png,L,230.3268371904182,438.2342671538774
20051214_51609_0100_PP.png,L,264.99602010892335,644.104315039799
IM001096.png,R,1276.1374908290536,770.5263389581805
20051214_52695_0100_PP.png,R,1073.0141599238457,629.3285340314136
20051214_42133_0100_PP.png,R,1057.754788200755,662.1827205368377
20060412_51860_0200_PP.png,L,218.26163723916534,447.96388443017656
20051116_43801_0400_PP.png,L,232.27005047672463,403.5255187885586
IM004654.png,L,318.079345703125,598.38525390625
IM001026.png,L,385.77318640955,677.7470812016267
20051202_51518_0400_PP.png,L,313.6071285542651,759.6526498464824
20060523_49191_0100_PP.png,L,440.9218079096045,638.6838418079096
20051116_43585_0400_PP.png,L,195.46041412911083,406.8059277304101
20060410_44601_0200_PP.png,R,682.4325663716814,432.578407079646
20051202_55650_0400_PP.png,R,649.0596393897365,466.1608876560333
IM004006.png,L,328.2813839073163,695.7052848754166
20060523_45216_0100_PP.png,R,1057.24404833114,681.3390357698289
20051020_63829_0100_PP.png,L,352.48538011695905,659.5906432748538
20051205_58373_0400_PP.png,R,1077.83825925064,749.5629508959739
20051116_54839_0400_PP.png,R,682.2699182839632,457.85776302349336
20051201_38155_0400_PP.png,L,390.6825817860301,658.8169761273209
20051117_37051_0400_PP.png,L,122.97905504140283,514.0691670725768
20051205_58177_0400_PP.png,L,393.11104156234353,767.9848522784176
20051020_44261_0100_PP.png,R,1184.987153016747,764.9059417297545
20060407_41177_0200_PP.png,L,235.08733258928572,440.0083705357143
IM002802.png,R,1197.9879493039684,759.2776854352794
IM001336.png,R,1086.5093461826036,729.2376007310792
IM000880.png,R,1028.6697734627833,734.0522977346278
20051116_44648_0400_PP.png,L,344.8204246234136,740.5872375756138
20051208_39524_0400_PP.png,R,1090.6812508572211,679.0763955561652
20060530_53816_0100_PP.png,R,1040.5990144748998,679.94009855251
20051130_53586_0400_PP.png,L,258.26516736401675,414.59414225941424
IM004668.png,L,366.5476274475216,635.1496736637855
IM000567.png,R,1199.2684264655468,786.7083761855788
20051109_59969_0400_PP.png,R,698.9152466367713,450.51928251121075
20060411_61196_0200_PP.png,R,656.5900447427293,431.1549217002237
IM003057.png,R,1032.811714325183,697.6247409863241
IM003766.png,L,342.8707482993197,622.7730471498944
IM000305.png,R,1150.4867964476857,736.4081632653061
20060529_56255_0100_PP.png,R,1063.9926554387741,646.4677725718627
20051214_42197_0100_PP.png,L,362.2232945531465,755.3286620835537
IM003323.png,R,1036.3385259850766,677.3691582667889
20051202_54744_0400_PP.png,L,88.66023432115782,407.7208821502412
IM001232.png,L,335.3716216216216,626.262849903475
IM000122.png,R,1031.4047758570173,709.6709639613243
IM000826.png,L,332.7955805746933,703.8092757519745
IM002322.png,L,131.7183527542373,642.4552436440678
20051130_60448_0400_PP.png,R,1046.336250273463,694.0590680376285
20051213_62383_0100_PP.png,R,1034.1202030205498,682.6933646942313
20060530_55816_0100_PP.png,R,1231.4536,717.16736
IM000917.png,L,394.81357672561325,713.3818596691386
IM002508.png,R,1146.624988213107,718.8295143800094
IM000101.png,R,1164.4658591616198,661.4945968412303
IM001124.png,L,420.55468191565404,683.181558255897
20060411_57879_0200_PP.png,L,265.1745539177657,427.82622187742436
IM001942.png,R,1075.3852657004832,781.9930124223603
IM000985.png,R,1146.743959499885,741.3391117588402
20051205_57799_0400_PP.png,L,366.24098867147273,681.8547888774459
IM002726.png,L,,
20060523_45369_0100_PP.png,R,1216.6210992333442,618.2333441313033
IM004805.png,R,1062.556904218243,712.2176421103233
20051213_62705_0100_PP.png,L,402.49889059566476,711.7953575695511
20060530_53928_0100_PP.png,R,1049.5661764705883,678.9552941176471
20051205_57780_0400_PP.png,L,391.3490693282978,707.9309414620988
20051202_54208_0400_PP.png,L,385.5147085041897,631.3155642717062
20051130_59749_0400_PP.png,L,284.84311609840313,671.4203711696159
20060522_45583_0100_PP.png,L,380.3181384703414,682.4173183292008
IM000725.png,L,344.30678257353685,728.2037804508238
IM001300.png,L,267.15580029368573,708.573274596182
20060407_39328_0200_PP.png,L,250.06975345760674,426.2236921226699
20060529_56592_0100_PP.png,L,394.1641487014089,728.7691393651332
IM004812.png,L,366.9550191991223,613.9617388919364
20060412_57974_0200_PP.png,L,224.1813214108296,423.39344262295083
20060412_60545_0200_PP.png,R,652.3625977149729,456.9603126879134
IM000056.png,R,1089.2221209358856,740.7180948040109
IM002781.png,L,364.5445438760518,689.8998263657005
20060407_46050_0200_PP.png,R,682.604143337066,448.8896976483763
20060412_61615_0200_PP.png,L,261.4570579494799,425.6154531946508
IM002033.png,R,1042.3794854434666,737.5138794854435
20060412_58471_0200_PP.png,R,739.9810578105781,423.9574415744157
IM001401.png,L,396.41283816231794,674.7337922202657
20051214_57260_0100_PP.png,L,367.6236223978626,559.4946009128354
20051021_58802_0100_PP.png,L,325.55123131046616,689.8324538258576
20060411_61901_0200_PP.png,L,217.01086312462968,449.6308512739482
IM003221.png,R,1046.8738431563565,693.5520376684527
20051130_60532_0400_PP.png,R,1060.1240973971453,737.9929471032746
IM000132.png,L,,
20051130_59284_0400_PP.png,L,318.870651486401,648.1710942441492
IM000805.png,R,1087.9778690166233,720.3542960144202
20060412_61222_0200_PP.png,L,,
IM004399.png,L,284.0377058489495,709.2379329926179
IM001335.png,L,367.48885903034375,695.6410256410256
20060411_61419_0200_PP.png,L,234.533781718129,444.1904616325283
20060411_61808_0200_PP.png,L,206.3394210889042,440.99276361130256
20051020_44901_0100_PP.png,R,1043.9536256323777,657.5374827533343
IM002658.png,R,1109.1968346650276,649.3680086047941
IM001765.png,R,1277.2269655103867,759.5134678461386
20060411_58221_0200_PP.png,R,665.4029268292683,452.8036585365854
20060411_61869_0200_PP.png,R,721.1015553522416,440.93473620006097
20060411_59919_0200_PP.png,R,683.9966722129784,418.63560732113143
20060412_52978_0200_PP.png,R,674.1826548672566,452.1451327433628
20051214_51469_0100_PP.png,L,369.2983112027846,630.3119762794895
20051110_34013_0400_PP.png,R,713.5633315593401,420.401809473124
20051116_54832_0400_PP.png,L,244.54098360655738,417.7927092320966
20060412_61000_0200_PP.png,L,217.319795221843,418.9443686006826
IM001139.png,L,327.6263736263736,678.9376437515972
IM001846.png,R,1145.059413027917,698.4509663564781
IM004737.png,L,384.9289138700612,610.9743759299058
20060523_49176_0100_PP.png,R,1028.9307392996109,663.6706225680933
IM000561.png,L,416.43436034829205,707.0961152042867
20051110_35279_0400_PP.png,L,236.4068550497122,438.6501831501831
20051213_62188_0100_PP.png,L,386.8183355250798,599.6263385309036
IM003726.png,L,324.1332565284178,615.2980030721966
IM002449.png,L,408.4626266488243,587.0766583827184
20051205_58060_0400_PP.png,L,213.94482834265656,674.1626631567401
IM001853.png,R,1065.7156049094096,723.3232028053769
IM003969.png,L,328.8075392670157,648.5176963350785
20060407_39761_0200_PP.png,R,722.600987654321,436.63654320987655
20051021_51625_0100_PP.png,L,364.0166435506241,614.3594544613962
IM000115.png,R,1138.071098265896,673.5231213872833
20051130_53991_0400_PP.png,R,686.2830239440409,461.832660747915
20060523_50135_0100_PP.png,R,993.4343112244898,657.3077168367347
20060523_50469_0100_PP.png,R,1104.6689986008396,736.8972616430142
20060407_44173_0200_PP.png,R,658.9874739039666,404.9491997216423
20060523_43196_0100_PP.png,L,380.5079365079365,676.1026625704045
20051020_44400_0100_PP.png,R,1078.82330732444,701.1127611376793
20060412_52446_0200_PP.png,L,227.55911062906725,384.26735357917573
20060523_48643_0100_PP.png,R,1064.3493282149711,678.1344941047437
IM001371.png,R,1071.9945711183495,671.7190010857763
20051214_50933_0100_PP.png,L,397.40864339598517,661.2858969441248
20051214_56534_0100_PP.png,R,1029.5614269362839,622.6802747043114
20060523_45787_0100_PP.png,R,1055.0500782472614,710.5244653103808
20051202_51599_0400_PP.png,R,1144.2331083966858,788.1146322712907
20060523_50342_0100_PP.png,L,310.12862142718257,653.719035582345
IM004154.png,R,1060.3667632489019,718.8964389195252
IM000682.png,R,1287.486484034833,686.3194847605225
20060407_45494_0200_PP.png,L,195.3429355281207,413.60951074531323
IM004407.png,R,1034.4174139898907,631.9212457198761
20051110_38111_0400_PP.png,L,225.05486968449932,443.15157750342934
20060407_45379_0200_PP.png,L,236.05080066261735,433.3012147984539
20051021_51994_0100_PP.png,L,408.1111797405806,641.4305126621372
20060410_45188_0200_PP.png,L,159.24136299100803,470.27875059157594
20051201_37534_0400_PP.png,L,377.5868153412572,722.0552628354368
20051116_58804_0400_PP.png,L,253.48802843247287,406.87991021324353
IM002268.png,R,1099.5379330943847,629.9278673835125
20060412_58137_0200_PP.png,R,747.1597014925374,472.35671641791043
IM002952.png,R,1144.292247629671,676.2363636363636
20051205_59651_0400_PP.png,L,356.03178840087355,753.2550351856346
20051216_45873_0200_PP.png,R,668.5091157702826,418.01640838650866
20051208_42322_0400_PP.png,L,,
IM004811.png,R,1040.767212625081,717.5111763827351
IM003482.png,L,336.60798394761855,600.5347977611152
20051214_57817_0100_PP.png,L,433.21747498075445,630.8849114703618
20060529_57430_0100_PP.png,R,1103.8725778038754,589.8524955960071
20051202_54547_0400_PP.png,R,678.7353587115666,467.8001464128843
IM000546.png,L,,
IM002725.png,R,1099.9731884057971,723.7579710144928
IM003108.png,R,1137.46,732.8323966942148
20051130_55124_0400_PP.png,L,235.41729638958859,444.11754827875734
IM001484.png,L,362.77691107644307,669.43922847823
20051020_65166_0100_PP.png,L,,
IM001138.png,R,1112.964282247889,743.7156168106377
IM000851.png,L,378.335020242915,692.4747975708502
20051202_54611_0400_PP.png,R,668.6763469621704,426.92663354986627
IM001964.png,R,1086.5888345558271,742.480032599837
20051116_43721_0400_PP.png,L,204.41503572538056,420.1385523454489
IM002400.png,L,373.4936048677512,688.0804669067428
20060410_41077_0200_PP.png,R,685.5041322314049,434.0479338842975
20051201_38291_0400_PP.png,L,143.99810055865922,763.5653631284916
20060523_49928_0100_PP.png,R,1224.0743440233236,787.0568513119533
IM000594.png,L,333.95409836065573,648.4032786885246
20051021_40074_0100_PP.png,L,432.69405034324944,620.4109839816933
20060412_52425_0200_PP.png,R,678.2630727762803,429.69487870619946
IM000827.png,R,1118.747596461992,729.8127804127676
20051216_46827_0200_PP.png,R,674.1497264612726,422.6754966887417
20060412_60913_0200_PP.png,L,244.02259332023576,430.8958742632613
20051021_39719_0100_PP.png,L,373.93495382944053,632.7711841390549
20051202_55582_0400_PP.png,L,88.66023432115782,407.7208821502412
IM001744.png,R,1042.3327056608214,549.3059903495351
20060410_39334_0200_PP.png,R,660.7892787099586,452.71431684462846
20051214_51921_0100_PP.png,R,1100.824350288199,681.0167863282435
IM004312.png,R,1031.0916092056952,654.1372794841946
IM000248.png,R,1049.7487623762377,719.8389321074965
20051020_45068_0100_PP.png,L,386.12241296326005,667.2438633081983
20060407_43834_0200_PP.png,L,,
20051130_60066_0400_PP.png,L,377.1183586117056,704.9223038987625
20051020_58065_0100_PP.png,L,211.08846430674606,619.0159654518092
IM004290.png,R,1054.2247765006387,669.6313324819072
IM003215.png,L,353.7332252836305,653.9202593192869
20060523_50408_0100_PP.png,L,307.560814742968,641.400193986421
20051201_38321_0400_PP.png,R,1082.2087318087317,688.1561330561331
20051201_38280_0400_PP.png,R,1308.7236449655456,809.8081867736296
20060523_49449_0100_PP.png,R,1063.5862068965516,682.0762677484787
20060412_58889_0200_PP.png,L,100.10136257892988,429.53040877367897
IM001109.png,R,1097.0407458563536,698.3259668508288
IM001185.png,R,1096.4841349365397,671.0526052104209
20060411_61060_0200_PP.png,L,232.05742145178766,425.124593716143
IM004276.png,L,,
IM000087.png,R,1096.322197153766,766.7409753557793
IM004406.png,L,366.02197635647167,607.2491664140649
IM003827.png,L,299.86315946126945,740.8166530247786
20051216_43913_0200_PP.png,L,246.77957781050566,424.31124202258223
20060412_52371_0200_PP.png,L,178.61075268817206,431.94301075268817
20060412_61665_0200_PP.png,R,688.8034013605442,447.621768707483
IM002895.png,L,370.0068281580231,670.0479596813526
IM001965.png,L,342.90034052213394,715.1264472190693
20051205_31994_0400_PP.png,L,345.10149478708706,624.0621781183269
20051212_38106_0400_PP.png,L,345.5533953997809,680.1418400876232
20060407_45852_0200_PP.png,L,216.24429802331474,438.8616320324379
20051214_56778_0100_PP.png,R,1082.403607791058,756.4655821159805
20051130_54323_0400_PP.png,L,235.17504283266706,452.0328383780697
20060410_44345_0200_PP.png,R,673.6811505507956,435.22123623011015
20060411_62373_0200_PP.png,R,663.3697674418605,405.8389534883721
20051020_57967_0100_PP.png,R,1252.305720854747,635.2957127400595
IM000263.png,R,1036.1366390503276,732.5730184246321
IM000299.png,L,353.80324849296716,699.7019423978567
IM003406.png,L,395.89966414777496,576.9865659109992
20060412_58548_0200_PP.png,L,,
IM003640.png,L,101.70594108836745,679.4275253785987
20051216_45595_0200_PP.png,R,660.3989071038251,415.6775956284153
20051202_36970_0400_PP.png,R,1087.3769184771777,694.6242774566474
IM003229.png,L,305.0363881401617,639.019204851752
IM001307.png,R,905.4846072186837,675.0031847133758
20051020_54209_0100_PP.png,R,1126.489960500329,661.6736339697169
IM002516.png,R,1095.8000620732464,739.7078212290503
IM000769.png,L,379.9436696497524,708.2405851087993
20060522_46454_0100_PP.png,R,1285.3403647898492,620.4204599524187
20051214_41429_0100_PP.png,R,1075.564896073903,684.0944110854504
IM002922.png,L,314.15132687447345,807.7744313395114
IM004035.png,R,1050.8184064964105,726.9038484170884
20051205_59617_0400_PP.png,R,1093.4296536796537,729.015367965368
IM003454.png,R,1014.6057379473528,698.1881100266194
IM001618.png,L,406.95228426395937,682.7981725888325
IM001950.png,L,458.2354753920058,718.9094534578084
IM003856.png,L,354.33637735849055,646.2202264150943
IM000079.png,L,385.75635072384597,694.3568241828281
20060529_57351_0100_PP.png,R,1034.9663995864564,682.8268286378909
IM000923.png,L,258.70590369094043,680.8052054049152
20051205_35162_0400_PP.png,L,242.6391878172589,456.8381725888325
20051020_57157_0100_PP.png,L,356.326359832636,688.233575570726
IM000145.png,L,,
20051021_39914_0100_PP.png,L,369.51014170602946,678.5287579883301
20051214_51211_0100_PP.png,L,373.65259026687596,628.8061224489796
IM001832.png,L,329.7846697734212,686.920456371525
IM003909.png,L,341.012168012168,615.5475605475606
IM001597.png,L,354.1469204682201,666.90066732305
20060530_55724_0100_PP.png,R,1079.3022457891454,701.859794135995
IM004155.png,L,330.195360022634,646.6102701938039
IM002004.png,L,411.48094863437115,710.5882881870293
IM003580.png,L,,
20051201_37390_0400_PP.png,L,360.7556683050579,708.3018867924528
IM001152.png,R,1094.362951807229,675.0420431726908
IM003467.png,R,1064.7930014785609,632.2730409068506
20060530_53954_0100_PP.png,L,401.9150352909842,705.0568650952191
20051020_64836_0100_PP.png,L,399.65753865979383,640.5025773195877
20060411_58971_0200_PP.png,R,658.1734621729908,451.05821352816406
20051214_41358_0100_PP.png,L,439.68616670332085,636.7512645700461
20060530_53271_0100_PP.png,L,335.6419213973799,696.6358642062262
20051207_54614_0400_PP.png,R,704.5270535463975,468.26562938043173
20051216_47514_0200_PP.png,R,695.3178082191781,443.8785388127854
20060412_58032_0200_PP.png,R,653.609613130129,451.7616256350137
20060411_58071_0200_PP.png,L,246.25205214872042,413.3092708836311
IM002990.png,R,1104.5860655737704,694.1730327868853
IM001440.png,L,412.10545722713863,710.5879424778761
20060412_58054_0200_PP.png,L,238.3020030816641,462.7812018489985
IM002719.png,L,213.5148200982723,763.7544777302267
20060410_41356_0200_PP.png,L,182.96071634893124,440.29289428076254
20051201_38466_0400_PP.png,L,373.5778807180081,648.6298494499132
IM000938.png,R,1046.2163482258297,686.6796437293492
20051214_51178_0100_PP.png,R,1060.0556159912971,687.6242861028012
20060412_52606_0200_PP.png,L,208.97759789156626,420.9408885542169
IM003264.png,R,1031.0083441231477,669.4881312041433
20060523_49100_0100_PP.png,R,1312.7984764542937,699.694944598338
IM004686.png,R,971.3998466551658,702.4174813110983
20060411_60368_0200_PP.png,L,214.54925982644207,448.58856559469115
20060407_45592_0200_PP.png,R,810.7866528354081,497.9432918395574
IM001224.png,R,1286.841651031895,669.0333958724202
IM000515.png,L,196.50311769290724,777.4198752922837
IM001881.png,L,355.8146509936985,593.4955162384877
20051020_64518_0100_PP.png,R,1039.6523988711194,656.0656161806209
20060411_61702_0200_PP.png,L,222.62945023007993,436.29426011140714
IM000704.png,L,332.1389533124937,684.8165775940305
20060412_52860_0200_PP.png,L,226.4062811565304,446.3639082751745
IM002157.png,L,418.7453337551408,692.5192976906043
20060407_41980_0200_PP.png,L,210.15147215324583,444.40936502305783
20051205_33012_0400_PP.png,L,201.6737877246524,426.3207867073584
20051213_61406_0100_PP.png,R,1070.2273042273043,642.3388773388773
IM004241.png,L,,
20051216_47703_0200_PP.png,L,202.55771531100478,430.84898325358853
20051202_55498_0400_PP.png,R,678.7353587115666,467.8001464128843
20051116_54429_0400_PP.png,R,665.341535724874,450.1847020456567
IM000131.png,R,1143.867116803564,741.7221912849784
IM004783.png,R,1070.9252402990387,643.3019757920969
20051201_38103_0400_PP.png,L,412.72994283461463,712.5765819041987
IM001596.png,R,1110.2870993805548,745.1281982224616
IM003453.png,L,414.94297635605005,609.3115438108484
IM001146.png,L,377.59065765212046,715.2894898586355
IM003390.png,L,436.6657079646018,629.6991150442478
IM001477.png,L,371.00270950261273,681.4963228178827
IM004798.png,R,1079.5854624678154,664.7443058031294
IM001272.png,R,1269.7158603086204,827.5404339250493
IM000406.png,L,361.3602827763496,714.9269922879178
20060412_51677_0200_PP.png,L,49.378571428571426,389.5079831932773
IM002384.png,L,,
IM004638.png,R,1061.4388837638376,670.4494926199262
20051201_38262_0400_PP.png,R,1121.9772428383556,713.3647435530905
IM001246.png,L,338.9191919191919,741.4259477895841
IM001175.png,L,320.96158129175944,749.7698218262806
IM001737.png,R,1048.555898702903,710.2736256948734
20051216_44398_0200_PP.png,R,681.7619626926196,451.04014598540147
20051205_59715_0400_PP.png,L,389.75911914172787,666.74172783738
20060407_39184_0200_PP.png,L,232.5650623885918,447.0237076648841
IM001167.png,R,1049.1678361900379,765.2977108017946
20051216_45478_0200_PP.png,R,658.9358333333333,450.5836111111111
20051216_45499_0200_PP.png,L,261.9393220338983,428.8186440677966
20060412_59400_0200_PP.png,R,648.8563484708063,448.3948100092678
20060410_41880_0200_PP.png,R,708.8849916487711,427.7046051061799
20051116_54484_0400_PP.png,R,702.1796278625955,438.243320610687
20060410_39075_0200_PP.png,L,185.797287253809,390.38182831661095
20051216_44939_0200_PP.png,R,680.5640748740101,430.4517638588913
20060411_60347_0200_PP.png,R,698.9509322865555,445.58537782139354
20060412_57680_0200_PP.png,L,190.20993589743588,460.9807692307692
20051021_51748_0100_PP.png,R,1011.0380593176753,671.1986970684039
IM004599.png,R,1033.874269005848,644.7493354598618
20051216_44252_0200_PP.png,L,217.1958470976876,408.6904200094384
IM000833.png,R,1105.6721426074798,598.6232086682978
20060410_40605_0200_PP.png,R,781.8840454858719,430.85079255685736
20051202_55921_0400_PP.png,L,212.05285412262157,435.2325581395349
IM002578.png,L,369.44154019111863,753.6468521641372
IM000065.png,L,365.8411731098838,666.3795467529994
20051205_59858_0400_PP.png,L,384.2947195675258,689.0912250217202
20051205_59240_0400_PP.png,R,1117.9617961252943,760.9480354879595
20060411_62036_0200_PP.png,R,688.6125801282051,403.18990384615387
20051130_55037_0400_PP.png,R,705.9335727109516,441.9479353680431
20060411_59638_0200_PP.png,R,657.2817777777777,442.6857777777778
20051130_54077_0400_PP.png,R,654.9798136645962,480.230201863354
IM001927.png,L,418.15568818155026,632.0151783082817
20051216_45076_0200_PP.png,L,,
20051020_44284_0100_PP.png,L,353.49858127280095,634.6240372922578
20060529_57372_0100_PP.png,L,400.9560023310023,652.1904137529137
20051116_43710_0400_PP.png,R,682.0040831477357,467.9573125463994
IM004620.png,L,379.0497829232996,667.6813314037627
IM001804.png,R,1098.1163826998688,717.5035386631716
20051020_63711_0100_PP.png,R,1070.177281680893,638.9115780258262
20060412_59636_0200_PP.png,R,721.4152119700748,465.822319201995
20051205_58109_0400_PP.png,R,1102.1804812834225,742.5002673796791
20060410_43979_0200_PP.png,L,193.57445054945055,427.00054945054944
20051130_59793_0400_PP.png,R,1092.2872910064473,692.0059009944268
20051109_57843_0400_PP.png,R,712.0171277997365,486.92929292929296
20060523_50153_0100_PP.png,L,431.7411328745368,674.1334039174167
20060522_46400_0100_PP.png,L,342.0474954580846,645.0929146119906
20060407_39667_0200_PP.png,R,680.1023255813953,432.04385382059803
20051202_37199_0400_PP.png,R,1118.609132888661,724.0288353001539
IM004782.png,L,369.4454497474176,616.6533212696977
IM003982.png,R,1024.5282811092202,702.096205826409
20051116_58828_0400_PP.png,R,701.7734627831716,473.02953074433657
20060412_60978_0200_PP.png,R,760.5393939393939,387.4282828282828
20060410_39500_0200_PP.png,L,202.16124367317425,433.46926970354303
IM000108.png,L,349.3883406246821,645.9237969274595
20051205_59754_0400_PP.png,L,325.2581789952312,679.3954752134856
20060411_58469_0200_PP.png,R,664.3816953514557,430.1540936142834
IM001301.png,R,1082.6967562953478,654.7780623132736
20060410_43675_0200_PP.png,R,703.0394114555965,424.17656332107197
20051214_42323_0100_PP.png,R,1108.58349731077,642.2353404171586
20051208_39546_0400_PP.png,L,394.54501577872657,655.8555782439206
20060523_49791_0100_PP.png,R,1053.868797050238,684.7296051620833
IM000992.png,L,219.69820774715745,625.7926382732704
20060530_55390_0100_PP.png,L,353.74110182606006,646.2838130609719
20051130_54846_0400_PP.png,L,248.57230623818526,411.7778827977316
20051021_58522_0100_PP.png,L,411.01584057230457,650.9228410832908
IM002481.png,R,1351.6577082824335,747.7351575861227
20051205_59833_0400_PP.png,R,1087.2041970103487,709.4437523955538
20051208_41318_0400_PP.png,R,1055.4082502178755,751.4303282657113
20060410_44623_0200_PP.png,L,231.16417910447763,440.7787151200519
20051021_40377_0100_PP.png,R,1071.5608223872073,679.4978583666476
20060411_62162_0200_PP.png,L,206.7116996312437,430.23969158565205
IM002414.png,L,331.3919191919192,748.4668590668591
20060412_61151_0200_PP.png,R,727.8919676727693,419.2350321622959
IM002269.png,L,359.41066306731904,715.6008098532141
IM001402.png,R,1086.6397135048535,720.5116388653285
20060523_42953_0100_PP.png,L,364.1508860089923,670.7971436128008
IM004493.png,L,320.06180865515233,651.5036871725208
20051020_43808_0100_PP.png,R,1081.1786956152998,726.6541429904164
IM001702.png,L,372.02456467661693,688.4250621890548
20051201_38537_0400_PP.png,L,355.8932849936948,749.6997162673392
20060410_39994_0200_PP.png,L,268.7581061371031,416.8370918882531
IM004012.png,R,1061.471525564639,726.9039074407649
20051130_54802_0400_PP.png,R,662.1985887096774,453.68548387096774
20051201_37462_0400_PP.png,L,369.43390755585875,719.3592017738359
IM001116.png,R,1068.000407531176,715.6797620017932
20060530_53421_0100_PP.png,R,1105.4765743839366,669.1306662610283
IM002766.png,R,1234.0627127754883,725.4368392761154
IM002921.png,R,1154.888568960553,784.3257510317688
20060523_48028_0100_PP.png,R,1211.3522865236746,616.2007284500203
IM004093.png,L,371.29000194893786,699.0153966088482
IM001439.png,R,1057.3044892648015,735.4411190631099
IM001008.png,R,1102.9514439411098,735.3285673839184
IM004507.png,R,1058.9864297253635,676.2577275175014
IM002251.png,R,1130.0272187822497,702.8944788441693
IM000371.png,L,326.90045390514945,648.7772734387228
IM000732.png,R,1140.315581169282,717.7960005554784
IM004606.png,R,1043.2990813928648,692.8250373851741
IM000326.png,L,372.05653746770025,647.8340051679587
IM000298.png,R,1088.3734615384615,740.0707692307692
IM003391.png,R,968.8590385578368,704.3855783675514
20051116_43995_0400_PP.png,L,236.1301025976861,427.7751582623881
IM003812.png,L,340.04562582747735,614.7780833078725
IM002530.png,L,336.04252034802136,681.8589671625035
IM001941.png,L,454.7177865612648,663.0628458498023
20060523_50234_0100_PP.png,R,1177.854376830459,623.4599739668076
20060410_44770_0200_PP.png,R,574.3606216964511,492.6898439466398
IM000472.png,L,375.6822997818635,714.3462137737613
IM000991.png,R,1084.571619276465,762.3877986917635
20051130_60040_0400_PP.png,R,1077.1455544112598,691.7388717244536
20060412_59175_0200_PP.png,L,,
20051130_59964_0400_PP.png,R,1088.5889668367347,727.570950255102
20060411_61494_0200_PP.png,L,216.1325110689437,445.57147375079063
20060407_44422_0200_PP.png,L,197.36830835117772,435.3139721627409
20060410_44224_0200_PP.png,R,696.4525674499565,415.64258775747027
20051214_40767_0100_PP.png,L,355.6133903850994,680.095142209917
20051110_35332_0400_PP.png,R,663.5009986684421,465.79194407456725
IM002276.png,L,356.4265744555621,688.471012360212
IM000667.png,R,1123.117711771177,774.1810781078108
IM003570.png,L,285.0734510793384,689.2200728903841
20051116_44718_0400_PP.png,R,1120.3150004435377,720.3629025104232
20051020_62337_0100_PP.png,R,1070.550347374901,676.0540849529505
20060412_59012_0200_PP.png,R,670.8118721461187,447.1205479452055
20051130_54476_0400_PP.png,R,684.1199767035527,461.5899825276645
IM002385.png,L,,
20051205_57757_0400_PP.png,R,1074.3164556962026,734.889282700422
20060410_41747_0200_PP.png,R,673.2755136409565,462.6500505220613
20051207_55266_0400_PP.png,L,212.68437067773166,397.93762102351315
20060410_45167_0200_PP.png,R,761.9162328442972,442.1964032181732
20051021_39845_0100_PP.png,R,1208.8674648183155,749.2272631800042
IM002635.png,R,1096.1639114597926,720.5413281031101
20060410_39879_0200_PP.png,L,236.04260869565218,458.40956521739133
IM004470.png,L,348.89137224960086,680.3514958006525
IM001540.png,R,1086.9508788449466,769.7763653483993
20060523_43248_0100_PP.png,R,1059.4817484838081,709.0490902849297
20060412_52997_0200_PP.png,L,234.71576994434136,435.425974025974
IM004398.png,R,1202.5312046444121,766.1197387518142
20060410_39586_0200_PP.png,R,669.2251461988304,447.40533625730995
IM002509.png,L,319.4002624671916,695.3548775153106
20060529_56563_0100_PP.png,R,1056.6822673620643,708.6859730990941
20051205_57809_0400_PP.png,R,1107.5894736842106,689.7931888544891
20051020_56592_0100_PP.png,L,382.8644853955121,634.1065563495048
IM004554.png,L,357.81670323996383,669.1333419388151
IM001492.png,L,352.4644026891915,697.0830891225651
IM003983.png,L,375.67363325067896,665.2942496162475
20060523_48161_0100_PP.png,L,322.4687881004633,727.6661789807364
IM002019.png,R,974.8572769071972,698.734822182603
IM004797.png,L,115.2987781279372,685.6174600541825
IM000356.png,R,1256.446280405645,735.173321041061
20051214_41490_0100_PP.png,L,417.5707301173403,602.5493807040417
20051020_58214_0100_PP.png,R,1101.335748031496,646.785249343832
20051117_37100_0400_PP.png,L,230.7061183550652,425.2786359077232
20051116_59168_0400_PP.png,L,157.1187976671153,695.1959623149394
20060523_49681_0100_PP.png,L,362.71396977515667,687.7988696400049
IM000292.png,L,350.2270515187112,657.3274598646306
20051020_62577_0100_PP.png,R,1060.0100624311422,654.5723099522586
20051202_55816_0400_PP.png,R,683.5950854700855,410.9579772079772
IM000449.png,L,371.3308486849111,681.4665104887658
IM003110.png,L,63.033292231812574,700.6524572837767
20060410_44106_0200_PP.png,R,672.9682119205298,404.4284768211921
20060411_57853_0200_PP.png,R,564.478750640041,471.4505888376856
20060407_44866_0200_PP.png,R,694.5230607966457,452.44444444444446
20060530_53597_0100_PP.png,R,1099.610502283105,682.1533105022831
IM002584.png,R,1137.245011849247,793.4190811100069
20051020_44636_0100_PP.png,R,1010.3016069221261,632.6944375772558
20060407_44636_0200_PP.png,L,242.34262948207171,456.1670242108489
20051213_62518_0100_PP.png,R,1076.6026785714287,636.622224903475
20051130_54616_0400_PP.png,L,231.11073094867808,465.6399688958009
20051021_58316_0100_PP.png,L,353.4870020572284,641.2666916027679
20060529_57447_0100_PP.png,L,339.4360196862504,654.6780990464473
IM004291.png,L,,
IM000066.png,R,1092.1567729712663,756.195532049258
IM000012.png,R,1230.0198630136986,798.9048923679061
20060411_61979_0200_PP.png,L,224.48323592740695,382.62319286373423
IM002275.png,R,1109.838571982926,698.1455180442375
IM000538.png,L,389.9886131013306,671.8060388945752
IM003208.png,R,1056.3475007959248,701.7744348933461
20060412_52520_0200_PP.png,L,181.03065451532726,417.3106876553438
IM002473.png,L,366.69928205128207,683.1522051282051
20051130_59869_0400_PP.png,L,378.57517740981666,663.3973979893555
20060523_45697_0100_PP.png,L,251.27439886845826,658.7351485148515
20060522_45853_0100_PP.png,R,1122.211306131753,607.438416533698
20060411_62228_0200_PP.png,R,690.7700421940929,495.5021097046413
IM003430.png,R,878.5168911459483,700.1480091263708
20051216_45781_0200_PP.png,L,220.5474052988833,400.3971972848697
20060407_43856_0200_PP.png,L,,
IM000080.png,R,1095.8997001344226,694.9749767345672
