image_id,od_x,od_y,eye,fovea_x,fovea_y
20051020_43808_0100_PP,1081.767494303515,725.7407738081088,R,557.9348172104967,722.0977612511986
20051020_43832_0100_PP,343.05779536815277,634.8730810054304,L,863.6033363255551,712.0124513312123
20051020_43882_0100_PP,1038.2143063582976,647.2663133982835,R,541.7433652659048,706.7691602560393
20051020_43906_0100_PP,369.7698467999143,668.8726121319307,L,871.6074910131247,712.1013764733196
20051020_44261_0100_PP,1186.470163144063,764.7239697753672,R,668.0269920668294,830.6196363404943
20051020_44284_0100_PP,352.43758055212857,635.1985374410456,L,859.7075590313719,706.6775541047276
20051020_44338_0100_PP,1105.5575169112333,697.0811985318495,R,556.6622527409778,724.4448052063598
20051020_44349_0100_PP,341.4295439952083,725.8558268214748,L,866.2717197150586,722.4238630704755
20051020_44400_0100_PP,1083.5897768852235,704.8809396312678,R,558.459833716812,719.3597865613838
20051020_44431_0100_PP,336.6058787562403,677.0365158868291,L,848.687671393969,727.3789488071877
20051020_44598_0100_PP,401.4608267227142,656.0725208815827,L,883.5151444466104,719.7902805250529
20051020_44636_0100_PP,1011.6588459205709,635.9157608633727,R,547.2939800278228,725.2784051703115
20051020_44692_0100_PP,1047.8085347622052,668.7385720308306,R,557.5569968745693,708.8252683727038
20051020_44714_0100_PP,240.19692916318098,537.7235718717253,L,724.1869929427961,625.053242956601
20051020_44762_0100_PP,1101.8442725642674,671.6733913387832,R,559.9124622218161,715.0159604349741
20051020_44782_0100_PP,353.9035701981126,665.9446630774065,L,882.1106437755608,731.5384117009896
20051020_44901_0100_PP,1051.0877728236724,660.707361508412,R,549.3053047802701,723.5123222479787
20051020_44923_0100_PP,356.3061977270199,686.986290915984,L,870.6273200303688,719.8963554726693
20051020_44982_0100_PP,1097.384436794718,665.5212697309737,R,559.184123217698,719.997304577762
20051020_45004_0100_PP,352.9631811258642,629.6124620066955,L,871.517728552508,723.6753748082265
20051020_45050_0100_PP,1019.9334082841871,677.8940743887799,R,539.0965905559483,734.0133525408874
20051020_45068_0100_PP,381.88947790078896,666.333589466984,L,884.9086993118849,699.8237418972572
20051020_45110_0100_PP,1086.917184099682,726.2139273614699,R,576.2204752655828,737.1506401293284
20051020_45137_0100_PP,323.4575347530018,655.0244745540971,L,847.1390129117209,723.4842540182092
20051020_53062_0100_PP,1075.2997642110304,714.0182599043698,R,556.2547913962884,735.003685024176
20051020_53178_0100_PP,188.15129407642917,729.9424782933986,L,699.5616647958705,766.5932419390192
20051020_54209_0100_PP,1126.7599701677907,661.5012499516008,R,616.4340133843257,723.0480736514514
20051020_55346_0100_PP,886.6156867804237,646.8838273036687,R,1366.5326769709495,684.71929575654
20051020_55701_0100_PP,1062.6826724687196,673.7611465299293,R,556.7894976968383,717.141074800907
20051020_56592_0100_PP,375.06573878130894,632.9525038227135,L,875.2307404715925,713.3515916788026
20051020_56791_0100_PP,1074.2299252546206,633.4190423027625,R,556.8082370834056,719.0397027436366
20051020_57157_0100_PP,346.5616764218966,691.5618957310561,L,874.2005240712444,718.3151567013138
20051020_57566_0100_PP,1098.4640066673383,699.5288235881852,R,558.4785872901556,728.5635864948363
20051020_57622_0100_PP,347.21110160013086,752.9707615877435,L,874.8574594583429,757.9897159798984
20051020_57761_0100_PP,1091.764653856924,728.0592084524936,R,559.1861935386694,742.4165043828903
20051020_57844_0100_PP,328.91705425822875,662.476697149398,L,861.7211037173996,758.962600553697
20051020_57967_0100_PP,1254.7906177566774,646.9463490600268,R,721.7400152632555,706.2198157867743
20051020_58065_0100_PP,210.81926662734236,620.1756675806766,L,724.4439770444984,705.8151339238522
20051020_58214_0100_PP,1109.3316698256733,647.9928377306331,R,562.7783288422532,725.7544963377273
20051020_58276_0100_PP,336.6445264437153,672.216256471706,L,880.7537202660508,718.7776354032331
20051020_61757_0100_PP,1099.1772076726324,693.1244673479695,R,557.9004353655126,733.3085258162163
20051020_61804_0100_PP,341.2463466641164,625.9376962415962,L,867.1160315713498,727.4541347861838
20051020_61998_0100_PP,1039.8308827049502,694.8128648673553,R,569.9558242220368,749.9822396989432
20051020_62014_0100_PP,457.71014948247733,674.7705742330995,L,901.1836018903024,736.9144688571596
20051020_62337_0100_PP,1074.6934380975579,676.7468784864117,R,558.5600430911985,718.5315318311655
20051020_62385_0100_PP,356.2377659236484,707.4678912666121,L,861.2556986278306,732.8899862262883
20051020_62461_0100_PP,1062.9515971407438,679.9192153959394,R,547.996708819988,729.9792386179834
20051020_62510_0100_PP,379.9868018251721,628.9172926723942,L,885.3719446975024,718.0706682222647
20051020_62577_0100_PP,1068.7813419222757,651.6487651740126,R,552.4860887698418,721.4869003381341
20051020_62615_0100_PP,338.6801091598121,655.7077676961061,L,862.1015663877849,720.8611098105875
20051020_62709_0100_PP,1272.5266144390425,665.4478788584881,R,743.4047989043613,755.109118774415
20051020_62802_0100_PP,140.77718496940352,651.6201632370747,L,667.0658757593194,634.941324151553
20051020_62878_0100_PP,196.8351380226974,605.570349605861,L,719.8362530743534,688.2128144096679
20051020_63045_0100_PP,1095.5904401307766,714.0801278956093,R,554.7482440002497,727.9992759866565
20051020_63269_0100_PP,1037.7526442485253,701.0630443117316,R,557.8744556146029,730.915376289414
20051020_63337_0100_PP,401.5729871088583,682.0507414807986,L,872.9338960939247,729.820957105181
20051020_63711_0100_PP,1068.4367441456634,639.2408917296663,R,557.0604370927064,720.0955221783123
20051020_63829_0100_PP,350.5468964111874,655.8553899650937,L,861.834571801094,717.229743498251
20051020_63936_0100_PP,1009.6045397336742,710.3185256802393,R,551.0755876206528,734.9394682694568
20051020_64007_0100_PP,244.68038540478273,734.1877184078133,L,702.0526010040217,797.5603990390632
20051020_64249_0100_PP,1066.183762585198,657.0754317666812,R,560.6648591782027,719.3514010334044
20051020_64388_0100_PP,344.9256888281262,650.5241896809384,L,855.5756252674678,743.011923406491
20051020_64518_0100_PP,1045.1497440964085,653.0938796173194,R,561.1792013105114,742.2365776933744
20051020_64570_0100_PP,409.4717846116399,721.5031246706534,L,860.8264116058804,742.2230953018479
20051020_64653_0100_PP,1078.0590619734417,671.8652618540418,R,556.6816696379558,739.5305097117888
20051020_64703_0100_PP,353.13720536259956,667.2066367429684,L,856.3237035054481,739.9936141862329
20051020_64775_0100_PP,1197.208505683194,595.4961968615249,R,710.9365573671067,702.4104365026295
20051020_64836_0100_PP,402.5721185363493,635.2635285941383,L,879.304444176169,723.8148748765929
20051020_64945_0100_PP,968.2828587565277,722.6728084250758,R,547.050767810196,726.3647842786643
20051020_64993_0100_PP,433.21392175765135,656.6282220906144,L,870.2634000109574,712.3615863825939
20051020_65166_0100_PP,1035.5767842700957,613.1384252215888,R,559.5290179391255,717.628592363016
20051020_65230_0100_PP,386.93311576554856,654.6947948460116,L,856.3995631850713,706.7640719780945
20051021_36097_0100_PP,1040.3832307514135,727.8169904571403,R,542.5670323090212,720.9358514790689
20051021_36208_0100_PP,385.1932635368214,640.2087232077964,L,865.933484736709,723.551907133946
20051021_36380_0100_PP,1055.940465802136,784.0369200582606,R,566.5721035110752,790.6773824795913
20051021_36476_0100_PP,390.025147656757,622.1753175703841,L,871.4701032010981,717.8135895019882
20051021_39222_0100_PP,1086.8239214891032,648.0138251306367,R,557.2024676012178,733.7836737426147
20051021_39314_0100_PP,169.0220963391025,674.4654239519132,L,717.198853847665,701.5094427506452
20051021_39482_0100_PP,1238.5762748162686,652.3025728194335,R,702.5029458986802,700.4588116579121
20051021_39552_0100_PP,334.4660741508966,707.1052274243885,L,829.3598314536882,775.9724577337313
20051021_39661_0100_PP,1045.1249129694936,688.9490803134846,R,548.849425613051,727.1964246497251
20051021_39719_0100_PP,371.28247814021006,632.8388682461523,L,848.2396986583497,726.0844830480075
20051021_39845_0100_PP,1208.6412100378768,753.1143508679156,R,706.0253078515553,800.1627679100885
20051021_39914_0100_PP,366.2786480327347,677.4333035694784,L,863.4639403109481,730.6213124583193
20051021_40018_0100_PP,1038.8295134506518,641.8455209287894,R,562.5390820813475,724.3423104775823
20051021_40074_0100_PP,427.75002216464407,615.7120931144015,L,884.5626891534499,718.9127286568649
20051021_40180_0100_PP,1248.1182815364468,649.3681151805813,R,712.5509104674023,714.1149946003478
20051021_40248_0100_PP,368.33880539836605,668.833840452483,L,877.3299051383011,728.98165658135
20051021_40377_0100_PP,1078.4018049823528,674.4579572526892,R,561.6450497862725,727.502803121037
20051021_40450_0100_PP,384.73116442541095,629.9462257590777,L,878.8649186164192,717.7071770896559
20051021_51418_0100_PP,1056.8349477727986,684.2385076079495,R,555.2685166989814,727.6765800770858
20051021_51476_0100_PP,382.1259229573557,694.48890940478,L,876.8520611498235,723.8876586373918
20051021_51561_0100_PP,1087.9176671332712,734.8260583361603,R,559.8804401246757,736.8185418350058
20051021_51625_0100_PP,361.49076876228276,618.0160169977897,L,879.0244805383603,724.3739310150241
20051021_51748_0100_PP,1030.2702830380786,682.7017184556864,R,554.9177567334152,726.7999303493036
20051021_51804_0100_PP,426.1129952156166,685.8069781090154,L,889.3634844520633,713.5128464858411
20051021_51936_0100_PP,1029.5863598232881,623.2716380264651,R,551.3299719845505,723.3139197268147
20051021_51994_0100_PP,402.9690477975762,638.8815136747331,L,876.9704457481066,721.3221593237056
20051021_52075_0100_PP,1057.7013723302914,691.9924023024637,R,548.8230228083974,719.2776580643323
20051021_52127_0100_PP,385.7379164182877,653.8811477666757,L,902.2386409428132,698.9388940443803
20051021_57798_0100_PP,1211.5989002876065,640.0716747791876,R,699.8893990508742,700.5758215887718
20051021_57862_0100_PP,178.2758278173138,680.1516990914031,L,666.9176467725283,715.5529449766778
20051021_57975_0100_PP,1049.961682097897,680.0376998336327,R,559.8202853528036,728.6331822302385
20051021_58035_0100_PP,364.04107720770935,574.7532226043046,L,874.1194167774245,727.1597779334928
20051021_58178_0100_PP,1082.0517995677803,664.6192769961007,R,546.6005180064506,714.2520547999761
20051021_58316_0100_PP,338.3379375760237,641.289839619956,L,871.7518731341257,719.6343984582634
20051021_58388_0100_PP,1026.709962539396,655.2598060881073,R,555.8528595261438,725.0355156186472
20051021_58522_0100_PP,404.5257247337698,650.1453651669286,L,872.3036647627936,726.7778602386303
20051021_58683_0100_PP,1219.522080378914,702.4706691526442,R,642.2787795234791,729.1769672149442
20051021_58802_0100_PP,329.6781890964669,686.6816890062386,L,853.8857344311815,725.8350346661294
20051021_59136_0100_PP,1093.8807530932786,694.9127713568843,R,550.5710157363782,721.4624121841603
20051021_59243_0100_PP,338.27667775314256,586.1744320803273,L,846.2139644662051,719.609436693482
20051021_59459_0100_PP,1120.6508124147863,678.509548933928,R,573.1309265044197,728.9623838202355
20051021_59504_0100_PP,342.12195653064225,667.2024359638639,L,847.5020265776246,733.9381543508252
20051109_57451_0400_PP,113.87634113556258,463.9835057198137,L,455.3292172453252,521.4092745125699
20051109_57843_0400_PP,717.9002404925687,489.23865036031486,R,365.05380794872735,489.74745906299694
20051109_59751_0400_PP,692.7355656495549,376.4333486022421,R,357.3338538081073,467.0092119649619
20051109_59864_0400_PP,218.4221230751711,425.82049794694666,L,557.7193888464585,473.1117089488304
20051109_59969_0400_PP,696.6102671207743,450.21998093667355,R,356.25585852690654,481.14909762304325
20051109_60031_0400_PP,217.02855271563794,408.68426374155166,L,563.3053949508585,474.3264027448493
20051109_60136_0400_PP,686.4497003576506,453.7873697607768,R,349.2956917721948,487.6390028865841
20051110_33960_0400_PP,226.6642026540556,419.60325041192755,L,565.8905285251151,480.63632437485245
20051110_34013_0400_PP,717.1050795592131,422.87054903993965,R,358.4768507468292,469.89165158190247
20051110_34071_0400_PP,176.60216248010897,436.7407983991609,L,525.9280951962567,460.0490107181406
20051110_35239_0400_PP,725.9251653696048,487.60693345363137,R,399.01816618060997,489.4046107590995
20051110_35279_0400_PP,234.32844751388038,434.8383744201496,L,557.0087674227577,474.9690975257045
20051110_35332_0400_PP,665.3738420812492,465.09598659641233,R,339.9514604246983,482.06095199230924
20051110_35926_0400_PP,244.63757279892428,433.70388955436795,L,569.869192843417,472.39631710605755
20051110_37992_0400_PP,684.0236727505687,411.86321393107283,R,342.58620481851295,474.17581065224545
20051110_38111_0400_PP,233.32818669607005,451.60700345773967,L,571.1993040066251,473.8750036378936
20051110_38156_0400_PP,666.0812333019381,423.9052499114626,R,352.2756081298459,475.2929051452777
20051110_38194_0400_PP,233.40904881133358,379.2599509699542,L,554.3652213457482,472.1038872954577
20051110_38239_0400_PP,692.9033511510518,440.3666390731257,R,354.61122472467963,472.46812524325145
20051110_38280_0400_PP,108.76224560541192,484.6494386139076,L,453.051517637366,526.046533940065
20051110_38313_0400_PP,673.2348985461531,439.34850202911156,R,355.00991070902427,473.86325931411636
20051110_38352_0400_PP,239.18235462924528,438.0935921509505,L,561.5619460196742,470.8336088856298
20051110_38472_0400_PP,726.8254372766992,430.2633334812672,R,361.5750765952104,473.3923917379159
20051110_38507_0400_PP,199.6636635839384,441.8002337819571,L,576.3473187173439,475.42130451775427
20051116_43388_0400_PP,728.473745318845,439.36294047253034,R,365.4560735151495,474.0881026421295
20051116_43585_0400_PP,194.18064406629261,408.4853782951294,L,555.0589442251915,476.1723092405256
20051116_43710_0400_PP,695.4480883022379,470.9649687504199,R,351.15952840972096,476.49337901737766
20051116_43721_0400_PP,210.98223673607748,424.2543041086017,L,556.3598332273734,474.8394146546676
20051116_43785_0400_PP,699.2465061534625,411.1171894208025,R,357.17357984043656,473.5626832958709
20051116_43801_0400_PP,228.8565015968042,400.2456666166254,L,558.0323712405119,468.0398563488916
20051116_43954_0400_PP,703.5188063214339,480.5347269738082,R,359.7007977418224,477.05906873519285
20051116_43995_0400_PP,227.8830840751829,428.9314828784792,L,556.2838759073072,475.4410773025422
20051116_44615_0400_PP,1256.8702599758758,753.2709853299212,R,699.7926600028998,831.7626312107028
20051116_44648_0400_PP,348.42523462368405,750.0447159525025,L,879.2159601872285,767.4031208990357
20051116_44718_0400_PP,1124.3969598641377,723.2935030705974,R,565.320032976577,768.0570440597087
20051116_44750_0400_PP,333.82177649053625,679.9415860024016,L,883.0126334910703,762.5129783269578
20051116_44804_0400_PP,415.1509116811041,640.9447403689404,L,905.8178170737477,760.0247503131881
20051116_44816_0400_PP,1107.6642138604202,768.6633467751295,R,576.7929097072694,763.728191416886
20051116_54429_0400_PP,667.0933351596711,446.01319982152387,R,349.168293223277,479.2821795634855
20051116_54454_0400_PP,247.00734995811536,433.1059253314061,L,553.8964536595844,472.37169241995304
20051116_54484_0400_PP,706.2309253451626,440.1661192884289,R,353.95851337569536,463.88848777552374
20051116_54587_0400_PP,198.70310128345284,447.83874918859635,L,561.2067166605981,467.6811753452665
20051116_54642_0400_PP,751.5843113711818,506.5922678833694,R,427.6545800555199,505.613685016319
20051116_54663_0400_PP,146.7021923874734,500.2554267956605,L,462.05173983893377,548.0496136192942
20051116_54692_0400_PP,224.05958393352128,401.56633499288284,L,561.8625593468133,466.21648666935624
20051116_54825_0400_PP,704.149827835136,447.22615258153934,R,362.6277343056243,470.6184546389996
20051116_54832_0400_PP,241.6239540736957,417.81462848332274,L,552.2373784199741,471.9526562809531
20051116_54839_0400_PP,683.4553907400988,459.9245272751961,R,359.2106567393406,477.5496853216223
20051116_55649_0400_PP,1138.5771644178178,724.8676118528808,R,562.6486720382151,769.3341724125495
20051116_55656_0400_PP,339.23212143116115,621.004915372666,L,876.590063342154,754.1582991712928
20051116_58804_0400_PP,249.16249949479766,406.0723918782933,L,564.5952831538451,471.05801990480745
20051116_58816_0400_PP,797.8587088285399,436.373773522526,R,452.67799266080897,449.23202054595896
20051116_58828_0400_PP,702.7763605258416,469.37787726529217,R,381.4341604769854,469.67241845498484
20051116_58835_0400_PP,241.64679896053977,401.37206043694425,L,556.0513646387242,471.11836547710203
20051116_58864_0400_PP,245.21949063234348,429.1921356591079,L,565.4460061176021,473.48144803251915
20051116_58872_0400_PP,675.1743490237167,454.47867260205993,R,358.31470611033535,476.8995705263481
20051116_59150_0400_PP,1205.593928651082,716.7648798496443,R,665.8085784138726,756.1129175804871
20051116_59168_0400_PP,155.85158266083351,699.0949439210215,L,672.8351086149922,731.4122259424968
20051117_37042_0400_PP,844.0767313504714,499.60035194443486,R,479.3084264373554,524.2595335682116
20051117_37051_0400_PP,116.1136124294041,510.6713208949515,L,466.178585695125,568.5417034602095
20051117_37078_0400_PP,683.9180857993352,449.1031719129791,R,355.31109376461626,477.0182227703449
20051117_37100_0400_PP,220.1313576945644,425.248103997275,L,555.1172084925695,471.08904560609625
20051117_37130_0400_PP,650.9119989904749,465.95059072970326,R,345.29492796098805,482.3028090921381
20051117_37155_0400_PP,251.05756446627373,470.09924241409664,L,555.1697788524888,475.04160589166247
20051117_37185_0400_PP,706.7859130075786,478.2993849141421,R,356.58882512155094,480.00329711049795
20051117_37213_0400_PP,111.53930967629309,442.1418787537798,L,453.5947210374704,506.6395323565494
20051117_37321_0400_PP,658.5035367441867,445.81136132723896,R,352.5630938328757,473.90594320577577
20051130_53586_0400_PP,253.33443923868998,413.00412377645245,L,555.2525528361369,473.2083859160976
20051130_53623_0400_PP,207.97200216396075,416.70018960634565,L,542.4505670415077,475.7290572099351
20051130_53663_0400_PP,703.4481091825116,492.4363506545991,R,359.8461573666495,487.79957609740205
20051130_53991_0400_PP,687.3943841562589,462.76420141281324,R,345.92629856993625,482.41385689944036
20051130_54030_0400_PP,222.7597190502265,447.5756699201985,L,560.804587317527,478.49047152872356
20051130_54077_0400_PP,660.651046062412,479.9405421665838,R,353.1900860637121,484.50343547214646
20051130_54121_0400_PP,146.37596639365393,449.0463369448918,L,464.24692717818374,510.55538738462906
20051130_54257_0400_PP,692.110718815057,419.023277799714,R,351.41595089592664,479.6137675168017
20051130_54301_0400_PP,224.68732483623904,450.38426782634065,L,556.7545473850336,479.63410850724244
20051130_54323_0400_PP,233.45406670905925,450.5635373729857,L,565.2704752053907,474.60736714646754
20051130_54333_0400_PP,689.8055441279171,488.0537038220878,R,353.5056028392569,477.13780881555255
20051130_54476_0400_PP,685.3630452556312,458.774684637153,R,361.9303692333076,486.1557768431761
20051130_54498_0400_PP,240.71781461984813,490.0558148502789,L,562.848587382609,478.3578228669877
20051130_54595_0400_PP,770.6501983958717,450.9094427150936,R,434.3724748484792,494.17568905214824
20051130_54616_0400_PP,228.28571675431738,468.7428219941346,L,555.0240685659124,478.508816975899
20051130_54802_0400_PP,663.5929724687549,452.8012075163714,R,351.9188635047886,487.98573150505916
20051130_54846_0400_PP,253.1490878835008,415.4388649663393,L,559.962362049554,474.7733096611404
20051130_54943_0400_PP,240.08837744533517,414.5255129063035,L,554.6345237380086,478.01015947484973
20051130_54956_0400_PP,671.9271735246365,445.2620071178608,R,353.26971772053247,480.7648322806586
20051130_55004_0400_PP,696.3983962201695,451.8856382059716,R,348.2965900829225,479.53659242423714
20051130_55012_0400_PP,234.36959305856016,429.6121175860782,L,574.5280970173867,471.27147642456225
20051130_55037_0400_PP,710.548548981736,445.6322822056643,R,361.4492312032187,475.4580719361844
20051130_55048_0400_PP,216.31806787200392,434.41787117006885,L,555.0149994052491,472.59374996786664
20051130_55074_0400_PP,652.7277924123689,477.58056472361926,R,358.4259694938567,488.47759272905745
20051130_55086_0400_PP,254.09816932932475,468.7107653939547,L,549.3183130399062,480.4918928707786
20051130_55107_0400_PP,710.7685897411297,457.1519552752109,R,355.34345152687234,484.7074846092558
20051130_55124_0400_PP,230.38913149386397,445.0249012484384,L,559.6460260972599,468.36280745240003
20051130_55160_0400_PP,672.3388980804295,440.5050845530742,R,355.15497580880407,479.6429875295657
20051130_55269_0400_PP,245.64686715298447,421.78634511342966,L,552.2785737878705,484.6682989962012
20051130_55311_0400_PP,164.6886971955121,406.23257156569656,L,494.1364238719545,466.2840988788755
20051130_55323_0400_PP,759.0072503606451,462.78067780470906,R,428.15899426863695,500.22903909623966
20051130_55381_0400_PP,686.3404467090952,458.316688587626,R,351.4096129577974,483.79411599291575
20051130_55393_0400_PP,239.19253899131766,463.2569123955956,L,562.7141013795402,490.47493315530494
20051130_58716_0400_PP,1152.1528816066063,764.0925401177836,R,560.3922455820438,771.3846463724065
20051130_58824_0400_PP,332.83731684415204,676.6624544215998,L,897.9391267539863,755.0094815700526
20051130_58874_0400_PP,1034.7367389733197,774.2064913550389,R,553.9906391143668,758.1055473245423
20051130_58888_0400_PP,244.1420082085228,760.578144666984,L,724.2183624566734,877.0090018780464
20051130_58921_0400_PP,1134.96520796013,734.3799672695707,R,624.8557328980254,757.6993806059553
20051130_58962_0400_PP,381.78252626636504,693.7059669577653,L,881.7140383930715,764.3692292779517
20051130_58998_0400_PP,1079.7812961746667,756.9058904849662,R,551.6597292156924,766.8820205752188
20051130_59029_0400_PP,382.3969023039401,666.1652196351499,L,892.3871689374711,774.1678860635008
20051130_59186_0400_PP,1158.187681367519,703.2133200185804,R,560.5612701804732,762.3538422231512
20051130_59284_0400_PP,308.9582863737748,648.0438459126624,L,890.4246997369477,758.7159710107952
20051130_59374_0400_PP,1096.8708186932363,712.0985318320672,R,554.0814030696691,762.876178829099
20051130_59404_0400_PP,350.9722472399925,714.8728881070666,L,887.5426395431654,754.6084375255995
20051130_59457_0400_PP,1169.124950345154,707.0835224407781,R,598.9365451379136,750.7146603107901
20051130_59464_0400_PP,338.0078568543271,661.7508557773565,L,888.0718123269381,758.7404178939087
20051130_59749_0400_PP,277.0620203261758,671.3177436137601,L,834.8123231228084,775.6075138114478
20051130_59775_0400_PP,1182.9529320980157,785.1605376211468,R,592.8900073760309,775.724245215715
20051130_59793_0400_PP,1099.7079135361773,692.3989188643102,R,566.2314205489872,767.6243744855642
20051130_59802_0400_PP,359.3024251955926,714.5452084899224,L,888.8075753242746,761.9753086690919
20051130_59850_0400_PP,1061.73101874898,713.7176047921796,R,557.1154819779019,758.1845364837482
20051130_59869_0400_PP,380.51772793468217,673.9130340075716,L,879.3003865797841,758.3252172256342
20051130_59916_0400_PP,1247.1502981434721,785.2731327830386,R,673.2634216091022,799.9943334763927
20051130_59930_0400_PP,190.71100269823896,606.7846872062657,L,737.4876790486329,800.7460180857165
20051130_59964_0400_PP,1091.571658751585,730.4496252915116,R,565.741071166827,774.5893540624771
20051130_59993_0400_PP,378.8125049415113,653.8334342038402,L,887.3322944314359,763.8489962918675
20051130_60040_0400_PP,1085.1894679445425,695.2739216418727,R,562.0628023427455,760.9900032303099
20051130_60066_0400_PP,375.36704912642017,702.9659950003747,L,888.9082028336825,766.1772277107505
20051130_60186_0400_PP,1121.1016811568518,726.9568612290665,R,567.8881777796084,753.0693563208209
20051130_60234_0400_PP,353.6949216753018,653.6565521817253,L,890.0726582019117,747.0298615653938
20051130_60448_0400_PP,1059.9992720483774,687.2677009292879,R,564.3249049517348,766.4458300918118
20051130_60490_0400_PP,405.82013996171526,692.1054614530105,L,882.3010728569134,760.8305660307553
20051130_60532_0400_PP,1061.5942517769995,737.5441364731863,R,565.5045888298271,768.8796280980251
20051130_60562_0400_PP,388.93727843580143,716.7120014508297,L,876.9360877579187,764.0320902258974
20051130_60601_0400_PP,1146.8713779436189,742.6832167896679,R,556.4068633423584,773.8808006687824
20051130_60630_0400_PP,385.0636530077344,673.5789691531662,L,901.0625615567969,750.0519298020746
20051130_60691_0400_PP,1049.633322387685,703.2537715704514,R,561.6157985454118,763.812833378877
20051130_60715_0400_PP,437.39955458580783,627.2447364250552,L,896.513771647554,749.8272452732164
20051130_60740_0400_PP,1091.1035629664727,684.3943292432692,R,535.8181813084375,745.1383758307602
20051130_60760_0400_PP,343.14361868487845,652.1155726894093,L,874.7417706900725,738.4581466558677
20051130_60794_0400_PP,1110.1969490944869,736.9167384433596,R,566.3366802449477,761.4670930714477
20051130_60822_0400_PP,383.8604252394627,660.5928625516584,L,904.7130796572085,764.6321234629851
20051201_37312_0400_PP,1079.3503126785938,747.045036628665,R,545.2090090417978,763.1939307709356
20051201_37337_0400_PP,357.1980941630895,683.8004019491128,L,887.5817856113566,762.302107183194
20051201_37382_0400_PP,1124.7507957033092,745.6635573139798,R,580.5124107103741,769.0286041689704
20051201_37390_0400_PP,356.62143638989846,704.5095753665069,L,888.146469008806,761.7277551103803
20051201_37409_0400_PP,1117.5992098060226,702.7067085852892,R,582.31020539995,775.9955091049544
20051201_37462_0400_PP,363.8619518577441,719.3969285245679,L,889.9997948664944,787.2795029684575
20051201_37534_0400_PP,375.2904925160223,723.8102555338156,L,899.8970997862222,761.1131974350392
20051201_37557_0400_PP,1063.5116925075092,731.666368089874,R,555.0687951222678,764.5976449267042
20051201_38041_0400_PP,1100.075993679739,725.0343826295498,R,565.3071076093356,756.6222301940278
20051201_38081_0400_PP,361.89500159333215,682.2417599383102,L,882.4418796505217,756.7885225033679
20051201_38103_0400_PP,409.37723185001255,713.7987355703148,L,893.2293531520502,756.773345622344
20051201_38137_0400_PP,1179.300850135673,680.9257777160527,R,676.4375048975381,741.0420456762025
20051201_38155_0400_PP,388.05668694134414,656.7050286603644,L,884.9221541414661,759.6302596488099
20051201_38164_0400_PP,1079.4889199315187,735.869498421354,R,563.2623840864684,759.9672579120831
20051201_38199_0400_PP,363.793621275994,695.3929446231151,L,889.374512982603,747.0588530145383
20051201_38211_0400_PP,1108.5652017981367,686.7806604384814,R,567.2020825551217,752.0255037060105
20051201_38246_0400_PP,345.0603051421438,688.125915763082,L,888.9687437602045,766.1936176186358
20051201_38262_0400_PP,1131.3892391193585,720.9373919688098,R,572.8733524629141,769.9991381063995
20051201_38280_0400_PP,1316.4502175551427,813.9632187851188,R,726.0120634934894,843.9125167672942
20051201_38291_0400_PP,143.38225124896675,762.6627691848649,L,720.9125296100486,888.649642774794
20051201_38321_0400_PP,1082.6770028381475,689.9282512076742,R,567.3307174268272,761.5969435250795
20051201_38349_0400_PP,372.38790048332385,672.5283053221154,L,887.8047697449387,755.5614228543391
20051201_38466_0400_PP,366.6911528254582,642.6629774337127,L,878.3704258485278,765.4126164661674
20051201_38475_0400_PP,1072.4174132675817,796.6884035288847,R,548.4642170822245,780.4709911963436
20051201_38537_0400_PP,352.5165198751422,755.2012945741586,L,892.6931497429877,759.8254221846131
20051202_36970_0400_PP,1095.8596690909967,696.8776672798831,R,574.2648245480466,767.1745261230884
20051202_37162_0400_PP,323.943540100464,686.3718728951387,L,875.3044444779852,747.9259470710986
20051202_37199_0400_PP,1127.7045578482357,727.8363985244064,R,565.3583357023795,751.4094064711237
20051202_39630_0400_PP,1093.454607738823,672.9282633381964,R,567.8838954674525,753.718793637329
20051202_39708_0400_PP,366.4815946591311,713.4699136879408,L,886.9502608911852,753.0691478940571
20051202_41260_0400_PP,701.0375592104895,454.08117912802095,R,352.9441794437394,473.6881263058686
20051202_48232_0400_PP,122.91101129444243,503.68699111839686,L,467.8288844041888,531.2939354085293
20051202_48393_0400_PP,706.166092578802,432.6688532913974,R,352.43059998100705,467.63370415232515
20051202_48421_0400_PP,213.52074813777125,423.7090227568755,L,552.5289205547605,474.3846571964615
20051202_51518_0400_PP,312.00765706668307,762.85395287399,L,845.5514393961778,859.7301337034435
20051202_51574_0400_PP,1090.5325576076173,747.3340014228378,R,562.1352788139934,764.7383193546868
20051202_51599_0400_PP,1156.7115355271012,788.7226552871813,R,567.5483770174516,778.7419995029745
20051202_51616_0400_PP,326.9500351906691,701.2791571375498,L,904.6077686479462,786.9369011023396
20051202_54197_0400_PP,1108.5196038016938,816.1723206906589,R,569.6264402124806,765.0199472837726
20051202_54208_0400_PP,371.04663652166073,633.6934425534733,L,888.3171713345189,762.5724445391686
20051202_54547_0400_PP,682.1694706857827,467.6513961270619,R,335.2147136233639,489.57836913029854
20051202_54555_0400_PP,219.685942558744,450.87869849818685,L,556.8322115467032,482.6350535026684
20051202_54611_0400_PP,676.035979562164,429.1261922534265,R,360.3864149606832,470.4458311031431
20051202_54744_0400_PP,90.02206237220864,411.73144481104,L,415.8562410189128,451.64421559337285
20051202_55484_0400_PP,219.685942558744,450.87869849818685,L,556.8322115467032,482.6350535026684
20051202_55498_0400_PP,682.1694706857827,467.6513961270619,R,335.2147136233639,489.57836913029854
20051202_55562_0400_PP,676.035979562164,429.1261922534265,R,360.3864149606832,470.4458311031431
20051202_55582_0400_PP,90.02206237220864,411.73144481104,L,415.8562410189128,451.64421559337285
20051202_55607_0400_PP,214.73830917244584,426.270383333383,L,549.5010701836023,470.5453805987285
20051202_55626_0400_PP,685.5437459127384,418.47846128275575,R,348.9118256345623,475.54104315620356
20051202_55650_0400_PP,658.2920563075768,469.05347054231925,R,349.6969961432283,461.1600157455529
20051202_55669_0400_PP,211.4824424195166,504.1576680292054,L,540.474774813375,538.8077586750329
20051202_55735_0400_PP,357.3264566218205,401.298031377425,L,680.8985614246282,440.67650113320934
20051202_55797_0400_PP,182.71750241824688,388.0413210774196,L,545.546554797776,463.01850039543683
20051202_55816_0400_PP,689.4486114659511,407.4586648310265,R,358.9823543367908,472.28663588517657
20051202_55834_0400_PP,696.2829414323511,453.655301232708,R,357.0410641849304,479.7878616641029
20051202_55846_0400_PP,235.72085387165382,448.7703986589003,L,546.2965058935805,470.50363954676436
20051202_55921_0400_PP,211.79336292634963,437.0652923137184,L,547.09568812741,470.3776499031203
20051202_55944_0400_PP,838.7339413725268,448.15912523714405,R,487.56736993455496,456.8841000077602
20051202_56000_0400_PP,699.8635310847911,464.26623157837344,R,369.0934626735761,474.3898107594951
20051202_56012_0400_PP,226.94928571748983,422.988779628255,L,554.7312017392723,481.7473195555785
20051202_56028_0400_PP,682.8983516223431,435.60066727686626,R,350.3992863697269,481.8801074385572
20051202_56050_0400_PP,201.40491069711888,413.9077438169102,L,547.4138730132024,468.784472212565
20051205_31949_0400_PP,1059.6575213753354,712.955544037121,R,556.8426508862008,776.4575679927474
20051205_31994_0400_PP,344.852175550872,620.5489043772362,L,803.7463457799246,715.9126321017961
20051205_33006_0400_PP,708.7892500806399,430.12832853082705,R,375.5419281596448,466.33172519017234
20051205_33012_0400_PP,200.81891395028327,434.82535426038737,L,556.4764779497574,470.0502403813268
20051205_35142_0400_PP,680.5120427792693,448.6727263274996,R,350.80547625105316,479.3463196222095
20051205_35162_0400_PP,240.58434250574382,456.9684408962808,L,563.4397408493847,475.0007532013615
20051205_35276_0400_PP,695.4906950746555,407.5159406872231,R,361.21023796632426,476.90067350470486
20051205_35305_0400_PP,173.74231963811306,428.36442019682795,L,501.5667145414697,474.110722226016
20051205_35408_0400_PP,239.72863342127675,435.35797384144286,L,562.3957551901481,475.85592514583686
20051205_35417_0400_PP,680.5597894056542,474.40719497118016,R,353.6305076113251,475.84086110219323
20051205_57651_0400_PP,348.25732414990097,660.6473126727283,L,888.5263607289812,749.8416294679818
20051205_57704_0400_PP,1111.8953084198997,695.6476309448511,R,565.8141885217761,758.7644485806074
20051205_57757_0400_PP,1085.6550902051504,736.2553210670136,R,562.827657533148,772.3640971564814
20051205_57780_0400_PP,386.15308494382157,704.4524263995961,L,891.0151181696143,761.9551647965308
20051205_57799_0400_PP,364.21487946195987,681.4578740435613,L,903.9446583387993,758.8032899436438
20051205_57809_0400_PP,1111.7289131230207,685.6591200945674,R,564.3499636272727,763.5213804936466
20051205_57838_0400_PP,1111.8622391443555,710.4210096000701,R,572.1667163650736,758.7120912203221
20051205_57879_0400_PP,341.9801872900577,702.7945652919663,L,890.7771303708382,754.4397901778727
20051205_57942_0400_PP,1084.0225052697158,722.9306902703399,R,570.9626654337653,782.7181749921328
20051205_57988_0400_PP,397.5440362722538,690.7051000047979,L,898.2227814002601,771.5907212871018
20051205_58037_0400_PP,1265.556851342094,864.5241410039092,R,716.7475864988953,891.0605761080644
20051205_58060_0400_PP,203.09674352952294,672.3566811872229,L,761.9809114070907,723.9655039434252
20051205_58080_0400_PP,1087.4927404973932,737.6219056874461,R,525.0186280501566,745.5257247971632
20051205_58091_0400_PP,330.051222405905,660.1235802015408,L,891.4119324050461,745.4706761205404
20051205_58109_0400_PP,1117.4425308875607,745.1072155978101,R,579.9691257098694,762.1005431484684
20051205_58125_0400_PP,312.78577678122724,675.6101000935307,L,881.7343072594276,763.0738889354742
20051205_58150_0400_PP,1155.618224754737,790.6811743569674,R,604.8488223097393,839.3988539214532
20051205_58177_0400_PP,403.1444348828581,779.4125606791549,L,931.4586197300653,859.4961682145604
20051205_58354_0400_PP,370.53520832351563,653.3792409833801,L,888.562283128839,757.4466342694988
20051205_58373_0400_PP,1082.934235640575,745.1378626499646,R,558.3336471828064,768.2498165467674
20051205_58409_0400_PP,1118.0802725470137,784.8110255328575,R,577.7622250487935,759.2725340169906
20051205_58431_0400_PP,370.0486592862063,676.4204607978589,L,903.8374294820453,741.6727594920703
20051205_58458_0400_PP,1101.1865058655733,715.1924113765751,R,567.3672111857625,760.460256987557
20051205_58502_0400_PP,362.67317868609416,706.9315730115869,L,891.035550971979,766.5143924593692
20051205_58577_0400_PP,346.2827474193062,672.6930488238487,L,889.0834314541669,763.2113027979113
20051205_58613_0400_PP,1119.5566633369365,690.4484744029041,R,564.6029998090227,748.6771910257254
20051205_59240_0400_PP,1117.1733314907083,766.5818340789816,R,560.6454294912096,765.3929985846191
20051205_59300_0400_PP,379.3708405823336,694.5244806881933,L,896.4403202711791,757.3899382059807
20051205_59337_0400_PP,342.9627995708289,638.5271784405135,L,891.9901209243691,753.08030792434
20051205_59351_0400_PP,1121.9330817734462,711.0423425981523,R,578.9109246601118,762.7934945810223
20051205_59367_0400_PP,1247.6591073272,773.6018303518367,R,744.4799632473372,816.2226413415597
20051205_59379_0400_PP,280.20531873441433,705.1875618845211,L,777.3193523644995,780.3765428653653
20051205_59510_0400_PP,1075.0589156342662,693.8550364798792,R,560.935866392677,754.2109150009022
20051205_59538_0400_PP,354.6358933056588,680.0849855456205,L,887.7017741066145,761.2187804745807
20051205_59617_0400_PP,1092.793221823972,724.379175452787,R,564.1839468976573,763.31788824126
20051205_59651_0400_PP,351.33381882054965,746.9343955929932,L,889.5235022831265,766.2061956173026
20051205_59702_0400_PP,1099.8902420989396,776.1880984220288,R,571.4865104865323,769.0576598122041
20051205_59715_0400_PP,385.63476532406133,659.9572275673901,L,901.147916461933,753.7976868625518
20051205_59738_0400_PP,1151.7484739410781,742.5196986385168,R,569.8211726546693,769.3867248943541
20051205_59754_0400_PP,318.904429963984,681.2844102344097,L,886.4610952329411,760.4142108394939
20051205_59833_0400_PP,1091.8814376989494,715.0523138948773,R,569.9482129222879,778.5306649575507
20051205_59858_0400_PP,379.7229671692688,686.2750198331844,L,885.1081141672129,773.0612246774791
20051205_59901_0400_PP,1094.7639855851698,714.4128071639918,R,556.1502751426207,752.3428437817832
20051205_59923_0400_PP,353.12748121709427,685.3729018127658,L,900.9722448835557,759.5067173125157
20051205_60093_0400_PP,1253.7470853881268,852.2630731225015,R,707.4568806510705,879.3831598155417
20051205_60119_0400_PP,192.3318734468907,848.7477637414426,L,740.7761708332548,926.6893993764585
20051207_54614_0400_PP,704.4418782507327,470.44764082843005,R,354.0242372315867,479.552755161316
20051207_55266_0400_PP,220.60064066794607,406.79157594711216,L,556.6379122220019,475.5278179222124
20051207_56219_0400_PP,123.12726976881201,492.47063595105425,L,469.9038223614814,544.3496648158116
20051207_56227_0400_PP,814.4287785498625,535.4904268092707,R,466.9576871839806,575.2915652945361
20051207_62252_0400_PP,353.34602609500524,686.3659195774397,L,878.4976040703425,763.9701500590274
20051207_62275_0400_PP,1118.6621034894072,692.5993492101254,R,566.158716366898,762.8740372674102
20051207_62320_0400_PP,380.833979424271,748.4187896954788,L,890.2505025691001,754.6983957054083
20051208_39297_0400_PP,1109.3557538887671,727.1282338870178,R,566.1034614000711,758.8920540119884
20051208_39438_0400_PP,1066.709501578235,753.3525100940684,R,547.4773931639824,773.1654339906843
20051208_39462_0400_PP,366.1578681667266,690.9016934637974,L,899.0691684137711,759.8121386362421
20051208_39524_0400_PP,1096.2955721057604,677.915913220829,R,575.5810213055408,735.1773457142531
20051208_39532_0400_PP,428.14322456835106,644.2769115467936,L,891.358128008717,758.1586199029514
20051208_39546_0400_PP,391.0079683003134,655.031178292975,L,914.8373813702057,754.7182626677013
20051208_41318_0400_PP,1059.8557388594472,751.0907113757221,R,578.0952348590392,769.5005918997618
20051208_41373_0400_PP,153.86806024705228,765.0398722658891,L,621.3403971254843,889.436304783722
20051208_42314_0400_PP,281.78875906455875,779.0445530071993,L,821.4643843031075,809.9394781110022
20051208_42322_0400_PP,1283.9380017765848,786.2102438801267,R,753.749889987207,859.3921208565461
20051208_42546_0400_PP,1069.0796819942095,682.3490791911394,R,543.7215968131568,752.7463071880871
20051212_36525_0400_PP,1105.2731725334954,741.1326296539335,R,570.6123718786104,766.8866879304936
20051212_36548_0400_PP,356.3216760583556,654.8740663093265,L,878.2751421511451,747.929455815275
20051212_36640_0400_PP,1114.9127846285705,717.105539076285,R,571.6446693164759,756.1970202916576
20051212_37442_0400_PP,357.1609432317524,636.6579159414773,L,891.8710353126274,749.1708763050706
20051212_38000_0400_PP,1065.964032730595,724.225371865852,R,569.0942925688839,773.2613153292011
20051212_38043_0400_PP,382.3125652163302,699.3613553032882,L,890.5161855039291,749.607134719053
20051212_38076_0400_PP,1124.9899624308928,723.6331268808922,R,559.3022917994782,755.4036287774039
20051212_38106_0400_PP,332.11949126302125,673.1968059403636,L,887.3083253605669,752.7238849074273
20051212_41144_0400_PP,1183.0636184731845,666.3790539390964,R,649.5695351748451,751.9755032395523
20051212_41169_0400_PP,349.5427241303748,669.0676488258716,L,885.6193161447403,747.9312287325089
20051213_61406_0100_PP,1078.1694443260553,643.0781456672535,R,557.06225190923,718.3770600556662
20051213_61802_0100_PP,341.5813112723538,648.3839492101049,L,878.9535588240961,719.9755865279246
20051213_61892_0100_PP,1044.0616859932761,646.7032319562492,R,549.6605369515185,726.458235815488
20051213_61951_0100_PP,389.49540152820884,715.0656860572442,L,882.1107463772856,727.1265641968832
20051213_62046_0100_PP,1069.4864945566483,587.6909158789359,R,559.2186990592704,726.2735961586377
20051213_62188_0100_PP,379.37735097405033,603.7432759534526,L,876.3018063805464,723.1735531048786
20051213_62251_0100_PP,1040.3470352766253,718.5125122317198,R,553.0021268593055,737.1195992532918
20051213_62314_0100_PP,378.39118212801736,650.5153245666737,L,863.8168530810526,726.8060461697297
20051213_62383_0100_PP,1034.732163349447,681.704660135767,R,556.770895999957,727.5152217774533
20051213_62437_0100_PP,399.72089165333813,635.3214191593773,L,848.8810598883717,711.8141509703158
20051213_62518_0100_PP,1080.0556897589026,634.0254328348504,R,553.3060333711288,727.26548885452
20051213_62572_0100_PP,339.05901010759925,725.9130776521004,L,868.3504594102455,724.7858746489134
20051213_62648_0100_PP,1167.4917965729494,651.4967869317159,R,656.269309756399,722.0190496382522
20051213_62705_0100_PP,392.62694013257806,713.0670289569056,L,875.1192950859701,710.5912175079545
20051214_40361_0100_PP,1061.6568566112073,678.8128491570784,R,561.3442795919044,709.5842481097202
20051214_40456_0100_PP,398.54546950046046,624.5174351072641,L,874.0387912046153,723.9632281874531
20051214_40529_0100_PP,1069.0500429475337,687.3183156213228,R,558.4354081409665,735.6628700243385
20051214_40596_0100_PP,400.7034025763679,655.3843274585364,L,883.1735427961049,726.0044799689368
20051214_40719_0100_PP,1084.804247681506,668.45557552426,R,554.9504070925532,716.6867586713872
20051214_40767_0100_PP,350.3106046742776,676.4043897295062,L,870.9769029131896,719.8213317724347
20051214_40849_0100_PP,1087.8628567956641,659.2845790962418,R,573.082703148472,723.8394997977427
20051214_40912_0100_PP,359.0518375960046,654.8079898445212,L,858.4042052406135,717.7377096652802
20051214_40994_0100_PP,1109.490487825597,645.1496632748608,R,559.7762897644789,720.5016399111555
20051214_41055_0100_PP,324.1506622607466,613.578266636915,L,860.7824768033444,715.4843734470802
20051214_41289_0100_PP,1005.4644460890695,686.3410514231874,R,550.6262772350606,718.215845039587
20051214_41358_0100_PP,433.1391509198761,636.7171567338904,L,873.343805565263,713.7665561330992
20051214_41429_0100_PP,1086.124459469115,654.367390301737,R,557.7331702657423,718.9466670411289
20051214_41490_0100_PP,410.6775122450438,603.2173291792083,L,893.2886165893075,708.6363992190815
20051214_41582_0100_PP,1056.8365954032322,615.7087866161489,R,560.174987913396,725.4361228008989
20051214_41949_0100_PP,382.124374435088,646.2356125029197,L,867.7545719974397,719.4804326546356
20051214_42133_0100_PP,1060.3598122593805,661.1180026370748,R,552.3267440851974,728.2705217682752
20051214_42197_0100_PP,359.70375723523387,758.5623554320109,L,850.924833215691,812.2664134486132
20051214_42323_0100_PP,1116.8606321599107,644.5552962468433,R,561.4103712385884,726.2913020134174
20051214_42363_0100_PP,324.04947308229504,692.3245074672787,L,877.3391817697589,726.166672811009
20051214_50895_0100_PP,1071.0125404918888,731.4647555380624,R,562.2583048166406,728.4217822609786
20051214_50933_0100_PP,388.32864296439396,658.7233701078937,L,873.7627975545423,720.944018846644
20051214_51039_0100_PP,1090.4813766254028,660.6060880312629,R,549.6956483819371,712.9283227804692
20051214_51071_0100_PP,329.61667768223253,690.5998861139439,L,855.1820012866594,717.0613895275746
20051214_51178_0100_PP,1054.593164836282,686.0256681970659,R,555.6274964710576,731.1569648093906
20051214_51211_0100_PP,378.25499179557477,630.7616052026948,L,871.965026799868,727.9792016520349
20051214_51308_0100_PP,1118.2993317362716,622.6848798313339,R,557.9360843953206,720.9252501333625
20051214_51342_0100_PP,304.3912644992029,689.6020780646236,L,859.8273767127046,728.8437704535352
20051214_51442_0100_PP,1067.6691035124813,696.092695609582,R,556.6990881668152,735.5557321918412
20051214_51469_0100_PP,365.9109945546318,627.7388493375115,L,873.6801652977134,723.2578644162365
20051214_51569_0100_PP,1033.267993811434,676.5818529375578,R,519.1703131485308,715.4784912210337
20051214_51609_0100_PP,262.58428020297475,642.3677251451263,L,757.3521069274374,718.007524446448
20051214_51701_0100_PP,1046.2506579295462,670.4576752833259,R,545.8910633832463,720.3337724412808
20051214_51733_0100_PP,370.31647789518865,689.1492847488785,L,841.3486040670682,719.2331211624805
20051214_51811_0100_PP,1003.1456894202589,654.280434351085,R,548.5777115756,720.5217411705434
20051214_51840_0100_PP,398.07858171958765,704.3393177654593,L,875.1972431945271,720.9706194251686
20051214_51921_0100_PP,1104.0623053867628,681.0154058784489,R,579.9349215076804,709.7710390236239
20051214_51953_0100_PP,326.14108591914004,611.2012432095464,L,812.3501870321651,702.5683590029521
20051214_52204_0100_PP,1298.2869809514348,597.2779845876445,R,723.309332063609,673.8799100899568
20051214_52242_0100_PP,294.2223376079445,629.0737682135923,L,856.8486168195623,658.4281432514921
20051214_52695_0100_PP,1073.645442109311,633.5209946563933,R,560.4587043099259,737.4774428701011
20051214_52707_0100_PP,375.4830265134205,658.095130723104,L,867.8714500202566,725.6604148708151
20051214_56242_0100_PP,1072.8001788880574,695.2271514649613,R,568.5074950771824,705.388405340916
20051214_56269_0100_PP,386.8437297890093,634.3214648633729,L,874.7869095233285,695.1040544884547
20051214_56392_0100_PP,123.70537692619767,788.7544278991188,L,680.7914175693699,842.2293740881399
20051214_56438_0100_PP,1184.9793782694885,729.1394435384635,R,638.4027522459099,758.0590654336944
20051214_56534_0100_PP,1036.2660896232696,622.0855470742996,R,556.2671439569065,728.1409371689863
20051214_56565_0100_PP,388.9026191640803,628.7504081579054,L,870.8877123868915,716.8433116324243
20051214_56636_0100_PP,1103.8699037253525,672.8929449693926,R,555.9757527186093,720.229125021242
20051214_56688_0100_PP,329.81144933078656,663.3184125707152,L,864.4597993884124,714.3824421843301
20051214_56778_0100_PP,1085.2083648641888,753.2888848169125,R,572.4258529935976,822.5570858745235
20051214_56821_0100_PP,268.773242027742,786.2451560761294,L,786.0795788534025,802.9288615956809
20051214_56944_0100_PP,1019.4830680023209,678.4709723452336,R,551.1077782520307,711.2797467598618
20051214_56971_0100_PP,459.0424106796957,689.8402457471228,L,897.3700014150623,729.695911382094
20051214_57125_0100_PP,1016.9884405019169,687.3002022331817,R,550.6608626887214,713.7447075214101
20051214_57154_0100_PP,392.80801697867025,667.1352468951653,L,877.3125583974249,719.6836840131153
20051214_57230_0100_PP,1071.3940860991424,654.6783655064055,R,547.2671436925183,721.7448202635287
20051214_57260_0100_PP,361.0918140805072,563.3092777082531,L,881.3000660153874,699.9651131252795
20051214_57377_0100_PP,1126.3102598563212,707.205564812575,R,566.2849571470638,735.3228890130881
20051214_57404_0100_PP,340.64665565591787,648.5984195227747,L,879.0087782381079,715.9281889146197
20051214_57761_0100_PP,978.9524065117931,642.9012519333129,R,549.4988489980251,715.820840743984
20051214_57817_0100_PP,436.5329032467119,630.6379831791053,L,879.9217646400762,716.7682686214421
20051216_43814_0200_PP,686.1469612491815,438.39727854084873,R,359.07174141646027,486.2708295806355
20051216_43913_0200_PP,249.68529069851888,420.7132007657696,L,565.659991066315,473.6986821372139
20051216_44066_0200_PP,707.5500593069178,404.1115308592547,R,364.16488292387066,476.0457853566273
20051216_44092_0200_PP,161.97393357092395,558.7913310601815,L,501.39137057051755,621.717247399602
20051216_44221_0200_PP,694.8008520124241,449.02610876267045,R,346.4055545281163,487.8132334295406
20051216_44252_0200_PP,216.13603626967887,410.6590056532206,L,552.3350174219988,480.1628676566009
20051216_44398_0200_PP,683.7923258224633,453.3859081834935,R,345.4784595973066,479.63567859656337
20051216_44420_0200_PP,225.79369015315314,426.0724218339895,L,563.9265810933588,486.84063570243853
20051216_44635_0200_PP,767.6467639670568,460.1795658306761,R,429.6516522667886,497.86861790515115
20051216_44660_0200_PP,234.3708461376021,436.07802999176573,L,550.3566832383162,479.40234221893866
20051216_44811_0200_PP,666.477628714171,423.711720862925,R,347.979226122774,472.56617485217345
20051216_44832_0200_PP,243.83759356292086,402.88041119031317,L,554.4751236624583,471.891554024672
20051216_44939_0200_PP,682.0227378733747,428.31174882028364,R,363.04022745525884,475.137705296866
20051216_44961_0200_PP,251.20655568957594,434.0885944549596,L,553.2851110515679,468.99057914117674
20051216_45076_0200_PP,692.6591703750041,443.67615014411285,R,354.70250285041607,481.3218573270443
20051216_45100_0200_PP,235.9158949516249,425.014338668053,L,553.6470196350193,476.5923229417512
20051216_45226_0200_PP,699.032790299145,454.4033703961952,R,355.5531126802287,477.4195677736432
20051216_45245_0200_PP,121.12558681136792,512.3696976157291,L,471.6369351127802,539.0478339140474
20051216_45351_0200_PP,715.3146360837251,444.7118790974891,R,357.4084184371683,485.40847773457875
20051216_45375_0200_PP,222.70656895190277,420.37221562636154,L,569.0224587015267,466.0785120093484
20051216_45478_0200_PP,658.5533517810608,452.7324927764872,R,350.55393333811764,475.4013646433391
20051216_45499_0200_PP,260.59052336756906,432.73284874514593,L,565.009625990435,473.9485225704737
20051216_45595_0200_PP,680.7997669294184,421.0001327384485,R,355.79913796279294,475.6984165118222
20051216_45619_0200_PP,231.71559464218325,434.53896131707074,L,555.0687406508355,470.6941113267476
20051216_45757_0200_PP,695.9933019781371,421.4682159781547,R,356.34455792662214,476.72467993538675
20051216_45781_0200_PP,216.54827709435057,401.6928982686559,L,560.25613407645,460.17059170515773
20051216_45873_0200_PP,672.2738660962688,418.23344111201226,R,356.4688589105466,472.19506533327797
20051216_45899_0200_PP,233.93493725103065,450.08690707404617,L,554.7634306868232,470.38958849189544
20051216_45992_0200_PP,712.7311170616931,412.5314793124053,R,364.8512200551763,468.0262962203076
20051216_46018_0200_PP,216.5642842460836,367.85238513289687,L,550.6806987501913,463.8074207278212
20051216_46156_0200_PP,690.6488299551198,453.2878244466448,R,353.5409490916536,483.57016298998184
20051216_46183_0200_PP,227.15966904268913,443.64636698835017,L,565.9376225693525,475.8310648893352
20051216_46624_0200_PP,659.4281096203526,439.33410846741197,R,353.6838757302973,479.02086371586756
20051216_46660_0200_PP,255.4904557235398,421.1895758034321,L,557.4173230454995,475.7791245855223
20051216_46827_0200_PP,678.5015777050116,421.7446775321252,R,355.11608257184065,470.015141484062
20051216_46847_0200_PP,207.31096388313762,436.59366193788713,L,535.1541755463109,466.0625648908631
20051216_47000_0200_PP,719.3027471900314,412.0684729536441,R,361.95470741510246,458.3491051005306
20051216_47024_0200_PP,195.461938463519,437.07911145178,L,500.6807471568747,458.1331098816805
20051216_47383_0200_PP,651.9525134501765,437.8875952455993,R,352.3457366668512,478.17543826352227
20051216_47420_0200_PP,266.83670688949877,448.0942544347003,L,565.9036668729666,464.4128229742321
20051216_47514_0200_PP,700.5218453436388,441.7988139586509,R,352.86883436246444,483.26055871908625
20051216_47536_0200_PP,213.85806715707298,455.52898097315006,L,561.1415588242212,474.62806333456047
20051216_47668_0200_PP,845.9531715886507,451.9924792683112,R,474.01423189922514,492.75416502403476
20051216_47703_0200_PP,198.6240593262872,429.66133522394165,L,564.741278259867,473.6676646622906
20060407_38711_0200_PP,688.44132008457,430.1972800316625,R,352.3456361824472,475.6709906621263
20060407_38970_0200_PP,220.65950957103573,442.4151666462095,L,550.6609969255272,470.05510119527116
20060407_39155_0200_PP,679.127950711967,492.91692906576696,R,346.6875235582226,475.9517242433944
20060407_39184_0200_PP,223.98103933270622,446.32575842299957,L,552.9474524819212,475.9244933279841
20060407_39306_0200_PP,662.4559231183098,461.7141025235396,R,350.8583939999494,486.71444610931144
20060407_39328_0200_PP,245.5697274297584,430.6881743987004,L,551.5234320346565,478.91031819923603
20060407_39402_0200_PP,694.4600384091755,440.5629662135443,R,346.34518585518975,472.34007424520604
20060407_39435_0200_PP,213.19076960562165,397.4317578151824,L,548.7376010956737,467.4497987887925
20060407_39546_0200_PP,709.3315985001512,444.78839644253,R,361.6537244708156,468.78359983955943
20060407_39567_0200_PP,221.02816210330843,448.9088865881505,L,564.2146459368117,472.6580299376992
20060407_39667_0200_PP,678.6139377913078,429.06058331681504,R,350.6492348438988,479.24309023880585
20060407_39687_0200_PP,230.05598026354724,450.7638017020418,L,553.4028907429093,473.01743069460593
20060407_39761_0200_PP,721.2949713839625,431.77826859366263,R,357.1232531859676,478.71359813516534
20060407_39780_0200_PP,182.07786373577483,414.6873698789735,L,548.3245076437582,474.51154256762516
20060407_40582_0200_PP,689.649629901241,420.5059136978913,R,358.14923427930665,477.01119689586255
20060407_40624_0200_PP,171.5889777269531,378.7159622185052,L,505.4029681422019,466.203683905312
20060407_40740_0200_PP,686.898746504815,437.6526178502551,R,353.1835399342019,473.108502548695
20060407_40761_0200_PP,236.5014829190256,438.1576208127387,L,560.8714093570135,478.0537914437976
20060407_40937_0200_PP,666.3181727405422,423.697875037042,R,358.6998770473162,477.6566407707565
20060407_40957_0200_PP,233.30869295254183,409.37088571846516,L,548.0212678081987,470.7894489217312
20060407_41149_0200_PP,685.4276785599799,451.26269356515195,R,347.832980110456,483.1132607988967
20060407_41177_0200_PP,225.03872878865582,438.5726798787195,L,564.7827536990656,468.064423300192
20060407_41312_0200_PP,693.2732261999562,483.6176760536242,R,350.7937863451746,479.21365205191023
20060407_41330_0200_PP,221.55666434334606,438.59627270912125,L,557.1284953403994,475.09323366946984
20060407_41809_0200_PP,714.0036655201128,415.4605617467603,R,362.1898153598756,474.4574124490188
20060407_41831_0200_PP,207.99495426362805,437.3964239281296,L,550.5512042332994,475.148385046152
20060407_41937_0200_PP,694.5652816128377,451.9578896492544,R,354.784651752782,483.5281917473554
20060407_41980_0200_PP,206.06276672986587,443.02921476211594,L,557.4009857609398,472.2539135546067
20060407_42099_0200_PP,675.4861607055942,418.50486443762543,R,352.79802248714395,469.8331396016767
20060407_42133_0200_PP,240.5507183911176,398.9441176869657,L,553.3979591618322,472.00609674772716
20060407_42290_0200_PP,667.3916880883211,469.34441812679864,R,349.02270963792256,481.78837813729444
20060407_42308_0200_PP,130.07966963274788,439.47886222704614,L,448.7043726899147,474.49856620118953
20060407_43223_0200_PP,702.5036360504938,427.2708913621815,R,348.35482564089966,488.73356528634605
20060407_43258_0200_PP,219.41210004995784,470.39567975537256,L,567.603467015228,490.1807958427822
20060407_43436_0200_PP,687.8224255676013,460.9166980056819,R,353.9048317345167,471.6555624219254
20060407_43460_0200_PP,233.05379849543883,403.09752729258366,L,570.7099973920274,461.4348217018665
20060407_43594_0200_PP,687.1694430932907,432.2824981361642,R,357.6153677109225,475.82498629468625
20060407_43618_0200_PP,241.14067210602107,457.1141841154,L,564.7230523786156,468.9768968969176
20060407_43726_0200_PP,690.5899214818086,401.83497877423696,R,324.31762523929825,475.6969991475436
20060407_43746_0200_PP,219.54383835326593,363.3385006850398,L,582.9775112355906,457.60192522026136
20060407_43834_0200_PP,706.5445057693587,473.9213924283625,R,379.85144563726215,474.3439763563763
20060407_43856_0200_PP,237.67181633990535,423.6751654054862,L,545.9427100652351,469.77161344347076
20060407_44042_0200_PP,646.5079367549873,433.7894469549891,R,351.82382395284844,473.6448369638418
20060407_44061_0200_PP,260.1925098608376,400.70375820107154,L,560.8955018125137,469.76306015750936
20060407_44173_0200_PP,681.7509323344407,416.567937927042,R,359.4338892043551,469.04378865714665
20060407_44192_0200_PP,212.72264647227027,424.75364672082065,L,548.0570827398719,464.06883417664716
20060407_44285_0200_PP,673.8511014261443,454.9153070069575,R,353.1373209610523,478.04772204733865
20060407_44304_0200_PP,238.75120313375123,438.6721178645276,L,555.8381921337752,473.4623619186361
20060407_44400_0200_PP,713.0753304267697,426.07003559901847,R,353.94955066955805,484.9042752283946
20060407_44422_0200_PP,196.96790386587418,435.79119716731697,L,558.2125408139481,467.3576454518538
20060407_44510_0200_PP,683.9214945913328,429.61980455839284,R,345.4445333012487,475.3642708642862
20060407_44529_0200_PP,213.5745064084633,399.53027000399976,L,544.1901697082475,466.97268749405333
20060407_44617_0200_PP,673.9987682767081,454.5231735605866,R,351.7983363325253,479.8058229428854
20060407_44636_0200_PP,238.92810806642262,453.9900207520196,L,556.7621907847702,466.76448948599597
20060407_44743_0200_PP,705.4461583224357,462.80824935003864,R,354.12529704668117,481.6079828165171
20060407_44766_0200_PP,212.62023572175087,443.4170369115653,L,553.0810391490219,475.6043056795747
20060407_44866_0200_PP,690.4432298484741,451.1707746689024,R,356.4430986230416,474.4352166372569
20060407_44889_0200_PP,232.57777764048564,415.76046243395973,L,553.0087097504756,469.8402364011814
20060407_45087_0200_PP,666.4849639204957,407.84590265082915,R,347.7432770756698,475.51859604455325
20060407_45107_0200_PP,226.9228216363009,464.33301641029703,L,560.6055268883246,471.99403254216395
20060407_45230_0200_PP,704.8880110333513,426.3363862886282,R,355.3632270808399,482.8964216608263
20060407_45247_0200_PP,213.71321890435993,426.622586606806,L,548.1853249325115,469.1619008886985
20060407_45362_0200_PP,690.0387648010752,424.60996634252245,R,363.51073968442415,485.6479773168731
20060407_45379_0200_PP,233.0498660836007,432.941628805533,L,557.90649417064,474.0929416397182
20060407_45477_0200_PP,730.427874121141,456.36130391040206,R,369.7666652887887,482.94990783575264
20060407_45494_0200_PP,191.08735232624392,412.38966742948134,L,554.2175961258333,479.80579551296523
20060407_45592_0200_PP,810.3175859735287,497.1082361800257,R,464.38431151698853,509.71134164556287
20060407_45611_0200_PP,235.63959890293896,416.46125487962274,L,562.5158616703135,475.4206070542386
20060407_45718_0200_PP,682.4514611873587,411.07047336135827,R,359.57632194321974,467.3380153331167
20060407_45737_0200_PP,239.48201880170518,440.25268389805683,L,561.6984912204031,465.6265799911881
20060407_45834_0200_PP,711.8917466044473,458.4891236351711,R,352.8634565703525,484.3006647907679
20060407_45852_0200_PP,216.58418980770844,436.7110405605119,L,562.7466849686587,476.83212217214594
20060407_45932_0200_PP,699.6565514279977,437.26734743228724,R,354.27477504053576,490.6301835511993
20060407_45949_0200_PP,208.25883760187511,443.8301717042119,L,552.247119819958,474.7351228002739
20060407_46050_0200_PP,682.4472476724693,448.3018343496829,R,348.9749607174127,476.84899411605284
20060407_46070_0200_PP,225.32800075620634,439.31142644749247,L,560.0236159691199,471.1486080240383
20060407_46235_0200_PP,675.8572946837298,357.94676887242616,R,356.846403761499,469.05322076260177
20060407_46257_0200_PP,226.6041858258874,468.12090064502564,L,556.7893608914223,469.0227442597074
20060407_46394_0200_PP,646.5677448633551,411.7336034903264,R,346.2285243049636,469.3662168728101
20060407_46422_0200_PP,230.23549242955403,413.30700233029035,L,557.9539409101004,466.9245153153335
20060410_39047_0200_PP,734.9657364983312,420.31499420905976,R,358.97091130627246,483.9727289419735
20060410_39075_0200_PP,181.15457040313808,393.2282647125217,L,548.8357377208307,464.5295159997019
20060410_39203_0200_PP,692.2289578989515,399.6147368702568,R,357.9301426612003,472.3478411155861
20060410_39229_0200_PP,226.33233466723516,430.8646267581516,L,560.022764091931,479.10548924381357
20060410_39334_0200_PP,668.9082653758695,451.4820985983476,R,351.8217244734567,475.7774887772354
20060410_39355_0200_PP,221.75998044224747,395.60621296826747,L,535.4207634928621,465.3662542577403
20060410_39476_0200_PP,713.2044912587407,428.01965543040296,R,355.43380873589535,465.9306325636577
20060410_39500_0200_PP,199.5265764388904,433.4399472864676,L,537.8429356856091,462.40256794118005
20060410_39586_0200_PP,668.2501050502476,447.30334391107664,R,352.7904647692338,473.94327847061487
20060410_39606_0200_PP,103.92159489067913,397.14353740961405,L,422.50676283678933,442.96432164511464
20060410_39695_0200_PP,680.556945067214,444.7862282451315,R,352.2486147099765,473.70098234200964
20060410_39726_0200_PP,226.3908793348299,358.0080777753197,L,548.4355729975025,435.9153531286221
20060410_39859_0200_PP,680.5324775123535,432.3214429636685,R,356.9335507794537,472.2916809760429
20060410_39879_0200_PP,237.9736779275139,457.64785977157476,L,560.3933368939743,473.2936224424291
20060410_39976_0200_PP,671.9684295439557,424.64416458270193,R,351.7105538770647,472.1777466923224
20060410_39994_0200_PP,238.87798522061595,418.2561500573474,L,560.6196158522553,473.50076757820716
20060410_40146_0200_PP,695.3247303162292,435.7970432656619,R,357.06347940412996,469.72334155169085
20060410_40165_0200_PP,226.02523690563203,441.61047803577964,L,559.1435561681067,470.0242462303787
20060410_40254_0200_PP,691.9625580785024,427.72937203017307,R,358.4459823443465,468.63883730360436
20060410_40274_0200_PP,205.81562612301843,418.0788289338719,L,557.2775159160858,468.1372154978162
20060410_40381_0200_PP,728.5968899418596,384.477918397825,R,373.91697595335336,478.6039558448512
20060410_40403_0200_PP,125.90711524604795,464.597963785495,L,471.58957022138696,447.44314664358825
20060410_40481_0200_PP,674.5317405711676,435.9697063411963,R,346.1347542326597,479.3065112298773
20060410_40499_0200_PP,218.6304285927654,462.2162785783566,L,543.6194392146028,470.03085386490375
20060410_40605_0200_PP,784.8079467233473,429.8180362944136,R,439.61359917551414,479.4360671307845
20060410_40633_0200_PP,229.87994218373368,437.10619972724214,L,554.2235792986485,470.2357635807292
20060410_40830_0200_PP,715.6070364429811,426.2188849673095,R,356.54702899006605,471.0612331125683
20060410_40846_0200_PP,198.58868320203695,445.6172964048754,L,555.0317972128945,466.56887959290304
20060410_40953_0200_PP,707.8710440171651,424.90394750532795,R,370.63533618114434,473.12833140717856
20060410_40979_0200_PP,231.66668992746762,405.65579908785617,L,557.6940126842692,465.7167846891964
20060410_41077_0200_PP,687.364560180578,440.4072074251403,R,351.514366803856,472.6690729179502
20060410_41098_0200_PP,226.08033292516546,453.7446984987459,L,573.1598073162396,470.4941197003916
20060410_41191_0200_PP,679.9561132058615,430.08170888036585,R,353.6679451417606,484.077992987415
20060410_41209_0200_PP,230.27691636781856,423.89932206123484,L,556.8178305290751,471.35532933594857
20060410_41330_0200_PP,847.9687065706422,402.2625349965441,R,475.1114802145748,462.33238243778953
20060410_41356_0200_PP,185.66760637634405,438.2442832619674,L,533.2885122055835,470.7057433707563
20060410_41603_0200_PP,689.2307102148411,450.93968815691545,R,350.3423415066337,486.1236036649457
20060410_41626_0200_PP,214.64268540266588,427.8111989772836,L,555.8024671327177,468.3874169067669
20060410_41747_0200_PP,678.6515188791022,462.08209588425837,R,346.01279954616604,478.54549230886715
20060410_41767_0200_PP,216.28348446450104,435.88461013087107,L,551.2991788391619,473.57124724214157
20060410_41880_0200_PP,708.1323337797141,428.8032026062217,R,351.1006298189101,468.7587641158379
20060410_41901_0200_PP,209.9602966026054,440.09301298753655,L,551.8074010680634,472.11223509306143
20060410_43675_0200_PP,705.3784105337239,422.23763003892435,R,358.671862420097,471.6458528970149
20060410_43698_0200_PP,222.04413373405956,415.0558655644414,L,558.4670702315831,463.98821618087214
20060410_43847_0200_PP,694.404494065726,478.85204147108,R,360.14863702602366,489.98486368090045
20060410_43868_0200_PP,222.39858575357727,431.79959881861123,L,552.5926810060108,481.9910075910472
20060410_43959_0200_PP,717.9767747969164,398.43836306763586,R,359.71338419138743,476.2089293398908
20060410_43979_0200_PP,189.81773398056802,427.1064187201263,L,547.307716575031,466.99560879923075
20060410_44106_0200_PP,674.6170634506902,403.4912195981127,R,352.6588266572832,487.43467452562675
20060410_44124_0200_PP,207.56539790945607,459.7589342427758,L,548.8502782291945,474.33041732851945
20060410_44224_0200_PP,699.338494921348,414.21212388293475,R,350.9704447625898,475.9636127541789
20060410_44248_0200_PP,203.44876194250074,449.33607233174564,L,544.289446458826,477.4452335565361
20060410_44345_0200_PP,679.0622115321756,434.2254188008438,R,356.1343218332281,470.04298369466704
20060410_44364_0200_PP,211.54267271633003,441.18998838970833,L,553.9095975505168,468.66874730407704
20060410_44464_0200_PP,699.4505559172469,418.44678403639887,R,347.9638121477947,473.7252618848192
20060410_44504_0200_PP,195.97754399511868,437.8751878067827,L,546.5303190839282,471.1790110353587
20060410_44601_0200_PP,679.8885068211996,432.2511087331167,R,353.2270260675785,475.8895655506298
20060410_44623_0200_PP,229.66189471573725,437.47741246215315,L,548.5224726680124,467.0217082609913
20060410_44770_0200_PP,745.397581174674,498.04547474897873,R,361.8502145441092,498.18438066977166
20060410_44802_0200_PP,195.0985493043813,425.90206044143036,L,575.0585166040817,435.49429373609587
20060410_44934_0200_PP,664.8570530625383,443.58506369507546,R,356.9498074167551,474.25867868436654
20060410_44953_0200_PP,250.80123965354133,452.59190492400097,L,559.726046894293,472.8054249120157
20060410_45167_0200_PP,754.5078768957287,443.75606025375805,R,345.30813956770857,479.06221767240237
20060410_45188_0200_PP,157.03432926648497,470.16940461918205,L,556.1018988481399,476.2127976343832
20060410_46874_0200_PP,688.2452383096895,402.2448926917489,R,349.2838294883087,476.24841601654924
20060410_46893_0200_PP,224.87713782583242,435.5674751858859,L,561.581812510546,474.3640157734237
20060410_47016_0200_PP,656.7661448046003,450.1877084673625,R,351.4784268918259,487.3419526303169
20060410_47042_0200_PP,237.00842522831508,451.95751558187203,L,552.0860094620531,484.7315133015888
20060410_47166_0200_PP,666.2424691904,452.30836124480334,R,356.7101150366368,476.31673710218405
20060410_47186_0200_PP,322.2604581516549,423.860108276314,L,633.9785817269961,465.13638232391355
20060410_47331_0200_PP,670.7338741820066,425.2692690680197,R,350.0744329724868,478.11597116300305
20060410_47351_0200_PP,244.66132306009786,377.53404520473015,L,571.281054239458,469.4146353910844
20060411_51958_0200_PP,680.6965630110019,448.5815300135192,R,360.3488397239543,473.2025739535415
20060411_51985_0200_PP,240.21475637531807,417.7375774168988,L,562.7940848777303,468.22879217652405
20060411_57853_0200_PP,566.8005519934004,471.69896507564147,R,223.48628373226396,523.0388647552621
20060411_57879_0200_PP,260.8846351753493,426.5846385935032,L,581.3836307134061,468.74579566433124
20060411_57962_0200_PP,684.1438565273031,427.79401410956683,R,352.8981154183029,482.9966090490175
20060411_57986_0200_PP,213.00947046721316,386.8570527861587,L,540.0656172657468,473.80139420559163
20060411_58051_0200_PP,758.3089072980431,369.70896621752803,R,420.3579306828296,447.8892959208298
20060411_58071_0200_PP,237.97655646313908,412.88764208389546,L,568.1396264002179,462.2830502681126
20060411_58134_0200_PP,702.6859208983175,448.0730443813043,R,358.4007548635726,478.49883524787236
20060411_58155_0200_PP,229.71969440865757,463.2607447399352,L,567.2888095519127,469.22099895355103
20060411_58221_0200_PP,669.6108900697773,452.14475092881685,R,357.8966933715604,476.0344035238424
20060411_58238_0200_PP,263.74078762344504,430.1789620309359,L,563.9721833732692,469.576385695537
20060411_58303_0200_PP,681.556107704306,441.5948680292719,R,353.16791437141455,473.176410283552
20060411_58328_0200_PP,213.45387087521848,458.68165782205295,L,561.609285792408,470.39534310602613
20060411_58392_0200_PP,774.8473293886485,420.78751761907546,R,417.67018643754074,457.8598864039071
20060411_58413_0200_PP,198.32882665208126,418.9331969556277,L,551.1773392304826,465.561362454716
20060411_58469_0200_PP,671.2207343767342,434.15724901487386,R,351.8159563985925,471.19533557195115
20060411_58494_0200_PP,240.28621013346432,451.25695302970735,L,559.5103300197825,475.38968022869227
20060411_58550_0200_PP,689.4522788121095,435.1427038805038,R,356.28758368303045,489.4664268540568
20060411_58571_0200_PP,226.74343923588887,419.3428646341071,L,553.0809133099352,472.7194489761293
20060411_58624_0200_PP,693.474286491781,449.07392142251877,R,360.727364327092,489.64049427654646
20060411_58644_0200_PP,223.77427465204968,440.19124556781026,L,550.1584762742523,486.0143304076343
20060411_58718_0200_PP,674.0377013938809,423.51340380880856,R,341.8890814044739,474.74660845691494
20060411_58736_0200_PP,243.3692173824266,458.4841296856507,L,564.6947360654644,475.6427618315449
20060411_58808_0200_PP,715.7438924610099,437.6176427272229,R,357.0782915306672,469.46662635811515
20060411_58829_0200_PP,205.13635767280766,384.8114379555178,L,567.9566753155297,464.5471658570319
20060411_58891_0200_PP,695.6637869900459,417.8457866025824,R,350.57153099392605,470.5059930504554
20060411_58913_0200_PP,209.60268104088655,405.1918743805553,L,548.8187469654323,465.2397149491067
20060411_58971_0200_PP,662.4433097729104,453.29061638836623,R,340.83042192928235,487.10750272552815
20060411_58993_0200_PP,226.92147082615864,461.2750180994394,L,550.6372692452599,467.1335133987591
20060411_59062_0200_PP,665.5188039385339,463.84160213860724,R,358.3341662232353,480.74817620851115
20060411_59087_0200_PP,250.43922811402862,446.3303816813522,L,549.606401831932,471.0937012997324
20060411_59176_0200_PP,691.4111583163327,455.341633173472,R,352.9680637888155,482.3914737698841
20060411_59190_0200_PP,228.54142349898436,428.97067010175243,L,556.247118089718,474.2732272312809
20060411_59549_0200_PP,683.5535372541394,487.0711778389116,R,338.8027165168148,483.25812528703165
20060411_59587_0200_PP,222.5171021247246,399.21663902212293,L,561.9919457558681,474.25901336804066
20060411_59638_0200_PP,661.1985241747003,445.2306207794439,R,345.2139101283777,474.1566976366569
20060411_59657_0200_PP,249.49976051814895,428.15253906031825,L,564.4704521153841,468.8477400237692
20060411_59728_0200_PP,707.9466263126337,481.6620726165009,R,357.3143162752196,487.16082965212445
20060411_59747_0200_PP,311.54346346557475,476.4771668084485,L,661.7653396239593,517.7134744068949
20060411_59812_0200_PP,637.266048939684,388.3709391826823,R,347.62912353075524,447.7636074705931
20060411_59859_0200_PP,269.96590852534615,426.759565389842,L,548.0552633075382,461.4862458671809
20060411_59919_0200_PP,679.8608844890065,419.69386588082165,R,348.37558285514274,478.2698271514973
20060411_59941_0200_PP,220.48763313245112,449.3778423727748,L,557.2062176318202,471.5478718158497
20060411_60009_0200_PP,690.0375100940148,455.1401285134248,R,351.084699691253,470.2073756222094
20060411_60028_0200_PP,222.60948429539576,430.43241187923564,L,559.8830771066258,465.2865076184691
20060411_60263_0200_PP,668.9166366423572,405.3785891505185,R,345.8353631609583,475.5246874472944
20060411_60283_0200_PP,236.8307949016232,440.9924300735388,L,558.2068719185594,470.2142551155993
20060411_60347_0200_PP,701.4822938940953,449.64924819736814,R,347.18303351441125,482.05699102951047
20060411_60368_0200_PP,212.59098014334566,446.59117123997527,L,561.2521451583561,474.27139994561577
20060411_60426_0200_PP,701.8406849422918,465.75994489833624,R,353.68111972568346,488.20222939295496
20060411_60446_0200_PP,207.1115896847951,446.54594279955495,L,563.4710018072677,472.46635983990757
20060411_60511_0200_PP,700.6122872196006,425.7299189098432,R,352.5462285725726,480.60537296218433
20060411_60533_0200_PP,196.19078035560364,450.5687108206286,L,556.9527477262415,472.9972821438334
20060411_61029_0200_PP,680.212423127688,428.43111549724904,R,356.78238261250044,483.6674443994195
20060411_61060_0200_PP,234.11672597381255,423.034713502205,L,553.9051859880627,478.2262614082971
20060411_61196_0200_PP,653.8593457793456,431.5150631682739,R,345.9229597728587,473.66143367223555
20060411_61214_0200_PP,253.12900984734057,400.85692181400884,L,561.5772886898792,469.893684752074
20060411_61402_0200_PP,690.3248184819768,417.4765748835827,R,352.5617959095067,480.51953689653686
20060411_61419_0200_PP,226.97928103637096,441.27130223897973,L,560.1865328466542,472.7840268352492
20060411_61478_0200_PP,696.9866626824338,431.9916144107916,R,365.1557561523443,473.87397529140156
20060411_61494_0200_PP,213.35057724361974,445.63023516043813,L,547.752594469262,468.3194988298049
20060411_61548_0200_PP,669.8449000832414,439.68934808748463,R,350.2988822862011,472.9983372257134
20060411_61564_0200_PP,243.01940781890846,457.7852376682624,L,553.9278251215792,472.1437484925042
20060411_61624_0200_PP,697.6870947353378,436.68980008147093,R,358.597987023433,488.10125866107444
20060411_61641_0200_PP,213.93015426718355,451.1864753813982,L,551.1529653579851,470.72574439877434
20060411_61687_0200_PP,668.0960829033388,430.2971640385973,R,350.4231314869822,477.4620651635173
20060411_61702_0200_PP,219.69876074988923,436.90074618331096,L,546.4376433655311,474.1361627617859
20060411_61781_0200_PP,708.4027322760588,460.68848228726057,R,353.95984022976785,471.6832150136943
20060411_61808_0200_PP,204.51438386393335,437.15368049981737,L,552.1118326618082,472.30135224600315
20060411_61869_0200_PP,728.3516695715575,443.29178300231524,R,367.71640986662845,468.85465650530045
20060411_61901_0200_PP,212.65651124171956,447.68590136665154,L,562.2851962118295,474.7947710190163
20060411_61952_0200_PP,699.0324556686377,431.7525676109713,R,335.6039708489332,489.959191605658
20060411_61979_0200_PP,222.53253360310367,385.2540570523214,L,557.1652256261905,476.41900247096794
20060411_62036_0200_PP,683.9024687344426,429.9181722820928,R,350.882759350959,469.2422964041265
20060411_62058_0200_PP,227.74489250695785,430.8382786098511,L,567.5322074194777,471.4729458418246
20060411_62142_0200_PP,714.4250227187813,451.353326629892,R,359.58671514395195,474.41316109148244
20060411_62162_0200_PP,202.46558435677582,431.95915412743716,L,541.5886909524432,469.78173692056134
20060411_62228_0200_PP,689.9661750558142,491.4895594580801,R,346.12659349135936,481.98662050188744
20060411_62250_0200_PP,225.09208219579702,411.31301305949313,L,552.6038251154679,478.0740354643289
20060411_62298_0200_PP,716.7379847522722,424.16896956706034,R,357.94373618677264,477.29416120375134
20060411_62319_0200_PP,191.44664717997284,421.96550683564027,L,552.79073495149,471.5615297580846
20060411_62373_0200_PP,667.6028487386102,406.3221931328072,R,352.64017641319913,472.46617635746264
20060411_62390_0200_PP,245.49021750566322,447.5345850547456,L,567.7231488763217,469.2582505125613
20060412_51656_0200_PP,857.7861256297201,371.1963016989323,R,516.7122489026223,446.4908816791414
20060412_51677_0200_PP,48.695486395818705,388.79749345830135,L,409.9033995513976,436.12416635882084
20060412_51746_0200_PP,662.749377281538,440.2236235560197,R,351.1864704448737,479.8447841141785
20060412_51775_0200_PP,247.96265308890247,440.01908508745083,L,563.0056261394561,477.66681287791914
20060412_51835_0200_PP,629.6201138538731,428.03130668296757,R,336.1504551074417,466.2144917517879
20060412_51860_0200_PP,226.47950979549375,428.4155183953418,L,525.862709120718,461.2655785163658
20060412_51932_0200_PP,683.0575448137331,447.10596339382175,R,359.97853925399323,483.3457459650865
20060412_51952_0200_PP,233.32791916104725,431.09129920459964,L,558.2228205197312,472.61278222222694
20060412_52020_0200_PP,715.8486059940408,450.36124244302215,R,351.92138314681813,476.78253855436515
20060412_52038_0200_PP,199.28308286850006,442.96021453093,L,559.2142136142819,486.2718149401217
20060412_52098_0200_PP,680.4508383081759,480.08604682721824,R,354.54933836068204,479.708984042884
20060412_52122_0200_PP,228.19279603470227,442.8755155462582,L,547.0197314969295,475.81905585744903
20060412_52174_0200_PP,661.3651465897178,370.72453589742344,R,348.6626804516613,479.509295422523
20060412_52194_0200_PP,239.33319596874696,383.58090986318825,L,554.8026766725699,462.91359773488114
20060412_52245_0200_PP,669.7814408907936,440.01714401152725,R,352.63273386965164,474.374892516742
20060412_52271_0200_PP,253.7863965281709,465.1991325498022,L,561.7458849839312,469.72238469277454
20060412_52351_0200_PP,702.6688959115261,367.26271003781636,R,351.56854295578626,476.54804336742416
20060412_52371_0200_PP,180.74220886163408,431.98702085346474,L,548.53154908015,460.0573910786733
20060412_52425_0200_PP,676.8596024162747,429.56473817824224,R,343.2345905484049,476.76148211167435
20060412_52446_0200_PP,227.73452992892658,381.92074914886047,L,555.1434778572217,466.4976805403237
20060412_52497_0200_PP,699.7783504286886,387.4470211482874,R,366.1207419072013,467.03874967977026
20060412_52520_0200_PP,176.55015986731405,415.64667949244034,L,512.5335844272364,467.89652329922956
20060412_52587_0200_PP,717.0292702682917,451.5976112845366,R,355.69542836158223,476.6793756089441
20060412_52606_0200_PP,205.18286714980317,421.10854830711423,L,553.3618559953885,473.379200599083
20060412_52668_0200_PP,697.8985778120079,443.42046573373676,R,338.30999876879673,475.2470232231975
20060412_52685_0200_PP,213.3804027754831,437.4670520319797,L,564.0087281999724,471.78836623385195
20060412_52758_0200_PP,684.6563598585534,449.8893422180646,R,357.5456064750832,473.30984005040636
20060412_52777_0200_PP,248.55647151601394,387.71883296498294,L,563.6121686470455,469.1082679889415
20060412_52840_0200_PP,703.4349745559623,442.6513841325772,R,360.4673329626907,488.0958343101279
20060412_52860_0200_PP,225.63794255669558,446.16908072027536,L,565.4729430686256,471.18064050331355
20060412_52910_0200_PP,740.2268744214513,454.57522394352276,R,396.66546841431386,468.4179934558061
20060412_52931_0200_PP,138.14088422429415,351.3896681647414,L,470.4101219787916,396.68929588726553
20060412_52978_0200_PP,677.7943651623725,447.4129428545414,R,355.5919865101273,482.1954617584199
20060412_52997_0200_PP,228.96202127672476,433.0344793518656,L,553.3302551071245,472.4104899734273
20060412_57650_0200_PP,780.5667434473761,364.3905221197897,R,440.94146653356665,413.0644465957802
20060412_57680_0200_PP,177.4861268456871,452.04910596551576,L,503.51926786794604,472.2126901493396
20060412_57846_0200_PP,707.4017813238135,445.6840717830556,R,351.47792317320034,477.9588300221126
20060412_57874_0200_PP,112.60362953680858,496.11568829381923,L,464.6157270573624,507.98345857990864
20060412_57952_0200_PP,692.2496867341805,413.58043789107876,R,353.97505780933255,478.67614935538217
20060412_57974_0200_PP,223.1501557808348,421.3157775393668,L,565.5162206396573,475.08324059944664
20060412_58032_0200_PP,661.2228827002269,445.36051409331515,R,338.0456971130632,475.7440573962308
20060412_58054_0200_PP,241.62509064387373,455.8600290068408,L,566.3208547462478,466.68728315015665
20060412_58137_0200_PP,752.1586411866356,473.4487621887219,R,423.8400415150928,518.0557512225224
20060412_58171_0200_PP,222.53452484793974,436.0101732463471,L,558.9346620004972,474.7633994408121
20060412_58287_0200_PP,650.6509243197385,437.4093394606142,R,352.1902130150684,475.80267849410063
20060412_58314_0200_PP,264.47970340793216,448.0054483695243,L,567.3100327468983,469.37508963281937
20060412_58368_0200_PP,684.6931106294533,442.59031579226007,R,349.21478425084644,479.01498124733
20060412_58387_0200_PP,225.48415581568128,436.0974192287448,L,561.1678663681936,469.4478470474231
20060412_58471_0200_PP,742.04701319883,429.28091986474146,R,369.36759562657863,475.40494732229877
20060412_58497_0200_PP,187.96852707979716,430.00717623872464,L,562.0265235723169,468.34790163081834
20060412_58548_0200_PP,701.6001224160449,430.07133350065556,R,351.26188510315745,478.62834794560166
20060412_58563_0200_PP,221.00723027918846,416.6695189885765,L,561.4308773570351,461.0316947527911
20060412_58638_0200_PP,665.8712206894678,463.1024112206862,R,341.8802515481059,485.9983871341868
20060412_58668_0200_PP,149.8006717953298,417.32709230134526,L,474.2770271019834,505.5348967350143
20060412_58723_0200_PP,686.5853451117237,455.5305619218195,R,363.0178575044374,475.4362568473784
20060412_58747_0200_PP,238.50059748423652,410.2031442899465,L,555.7614767752261,472.1814327717887
20060412_58802_0200_PP,675.5253259220235,423.4350319981277,R,351.1953841608795,481.8220942775872
20060412_58819_0200_PP,228.07746480940418,434.43386612704853,L,556.4132774309725,473.585455459817
20060412_58869_0200_PP,692.5731714536272,415.90092769141756,R,350.93509821054744,472.844910501063
20060412_58889_0200_PP,95.97991798978848,427.4635695936099,L,447.3052194674828,471.4485088067422
20060412_58945_0200_PP,702.9700017899239,466.15928111946226,R,365.2645659237743,505.6174852045081
20060412_58965_0200_PP,197.95587382580865,444.76569382266587,L,549.8415704629791,484.1195351839623
20060412_59012_0200_PP,672.8026561614489,447.4773514704064,R,359.7492409489659,474.5104890714467
20060412_59037_0200_PP,258.7932723843104,439.93630285235963,L,562.6307932032618,469.8920088700883
20060412_59100_0200_PP,672.8421437671094,411.3073864704938,R,346.0882785112958,467.1192856812833
20060412_59124_0200_PP,202.6136204635214,411.39681027796473,L,549.6163413201432,465.488718253852
20060412_59175_0200_PP,719.4859262710786,445.0743036402182,R,345.98546158710764,477.56316577913935
20060412_59196_0200_PP,278.95168103940455,424.60015393454756,L,640.7205107536423,481.4924358354145
20060412_59242_0200_PP,696.0976238377411,439.56794769401347,R,354.50478681032257,476.21603072742573
20060412_59259_0200_PP,224.25754655560124,417.68817026103835,L,564.9667287815921,475.31953894219885
20060412_59338_0200_PP,667.6561196448762,417.5299709191374,R,357.2164659159763,467.42509655854013
20060412_59355_0200_PP,247.4170753264158,437.3214726112309,L,563.8784258708521,463.01946712548323
20060412_59400_0200_PP,650.9053469839591,446.17047349724095,R,351.9151532742507,469.7030317685806
20060412_59423_0200_PP,249.99217342620457,438.1459069665594,L,561.3285861315824,470.0198783502678
20060412_59636_0200_PP,722.5483867390476,463.89148910923535,R,392.1930401324172,497.2213244767347
20060412_59658_0200_PP,241.21294779365135,442.60664910823965,L,556.0350924441201,476.1390566044607
20060412_59717_0200_PP,698.193864706362,425.0306504617965,R,364.13475093269545,482.9191354709129
20060412_59735_0200_PP,253.24727593224495,432.3136382367318,L,578.3008673514609,478.26818470791335
20060412_60337_0200_PP,685.2224008251876,471.11024166991126,R,350.81935923466466,477.12042289236103
20060412_60396_0200_PP,227.26439351696516,429.81015208377937,L,551.5790791644067,469.92400928705996
20060412_60454_0200_PP,686.2076333345443,437.11024996684665,R,342.01828105403297,487.16421551236084
20060412_60475_0200_PP,227.33760648124675,384.5869187959112,L,564.7325933708881,476.59560500222955
20060412_60545_0200_PP,653.5706237910454,458.0796612544412,R,341.74407570989626,475.691871365466
20060412_60573_0200_PP,276.38963570365985,446.1821885635876,L,576.3545345812669,468.81968905994734
20060412_60751_0200_PP,671.1721463198015,428.04120998417966,R,350.36231601447327,468.6912994508026
20060412_60773_0200_PP,218.13389228809703,440.6193856752686,L,557.9791290692743,467.2268061606047
20060412_60825_0200_PP,698.4194186101319,431.32507255931506,R,359.0137119147727,475.96134177133143
20060412_60845_0200_PP,216.92545447303158,455.2744782680265,L,553.1217687547492,469.9144044889891
20060412_60895_0200_PP,753.3560931851824,495.49698713317326,R,462.72889079752974,577.8723591484858
20060412_60913_0200_PP,244.17372304144618,429.7420229084205,L,532.9930567535712,475.77937565803114
20060412_60978_0200_PP,761.924026528762,386.8560525519971,R,417.6742895634836,462.4305293570696
20060412_61000_0200_PP,214.91005289956496,419.88234416484823,L,558.213554266529,461.77935345804394
20060412_61064_0200_PP,728.7781968967511,498.77276121995743,R,363.4765706511528,489.50929852873026
20060412_61081_0200_PP,211.58321619762293,448.30845463038156,L,553.8522222489686,474.00986468711096
20060412_61151_0200_PP,725.5898957455296,420.370449298105,R,373.26345149931245,481.4674731974996
20060412_61169_0200_PP,197.97307076733588,415.31582800026825,L,557.895553924257,472.44204271261407
20060412_61222_0200_PP,652.6484728584871,418.1432144820239,R,353.1896976650699,478.9601396766032
20060412_61251_0200_PP,255.8677529989962,461.2055879435931,L,553.1444041246262,469.4500645773982
20060412_61299_0200_PP,690.7604280045296,431.2465998989869,R,338.1631376431601,468.77169388943946
20060412_61316_0200_PP,218.01303143327465,416.05426956693395,L,571.3296485087691,459.18412149386194
20060412_61365_0200_PP,730.9595722195315,460.40158352438476,R,355.4823994260093,476.043507961945
20060412_61383_0200_PP,199.41468608993466,442.64970684131475,L,564.0981280519535,474.04076512855073
20060412_61433_0200_PP,702.2734671081382,417.25091910779383,R,358.0669181456433,467.6676899147227
20060412_61450_0200_PP,245.4702539031216,409.0257198086953,L,569.4307085060879,472.2880297131477
20060412_61501_0200_PP,666.5012249658987,430.856590373168,R,339.06948455040333,470.77588036384094
20060412_61525_0200_PP,235.30454250911848,397.2802591722138,L,560.0483938157788,466.81413309135456
20060412_61593_0200_PP,648.1000266733329,457.76621610298383,R,355.61563085288185,486.45320338091585
20060412_61615_0200_PP,259.1793501568739,429.22333542756456,L,553.4758200306487,475.45049331006186
20060412_61665_0200_PP,690.024759417712,445.54593835871066,R,348.4188208694061,470.52577521549983
20060412_61681_0200_PP,234.41712051419432,440.9524478064983,L,564.1628838240005,467.042107819466
20060412_61790_0200_PP,702.5853425776368,464.5076016587516,R,361.68526760436765,483.6051121816404
20060412_61808_0200_PP,234.03960291020573,457.7985576013842,L,563.0003850954599,479.7106219369704
20060412_62936_0200_PP,684.4718466175595,414.54377838595764,R,350.6875740287328,469.6355746740495
20060412_62960_0200_PP,230.1176398021575,465.1760454147565,L,564.8649845817105,462.3194224026281
20060412_63009_0200_PP,689.1277627617792,399.94364610018397,R,359.65676027330613,466.40161323817784
20060412_63032_0200_PP,207.44052901899195,433.1858292025056,L,551.7917529622065,468.495909167378
20060412_63088_0200_PP,702.9266205639127,444.7357632097864,R,361.498515335945,479.075909808959
20060412_63104_0200_PP,233.44547366202667,407.55085863617046,L,559.1713258357321,476.57059534368716
20060522_43758_0100_PP,1059.228014640705,696.2075703956781,R,546.7985183272394,733.7790018049665
20060522_45069_0100_PP,352.80329724921074,688.1673482151715,L,872.8213720252716,724.2465250082425
20060522_45212_0100_PP,1031.709999161043,692.555496790868,R,550.3001064832904,723.6117129062986
20060522_45248_0100_PP,397.00069728807375,680.7402003090922,L,880.861370667627,743.9308387840025
20060522_45402_0100_PP,1084.4776806039058,672.1046974710747,R,556.3154647590416,722.7140287437273
20060522_45455_0100_PP,359.2042804577919,600.8597904819362,L,874.5614755372562,719.0486533457301
20060522_45541_0100_PP,1058.1601316182903,665.1164444470185,R,553.8967683773218,722.6354215223183
20060522_45583_0100_PP,389.57606601906,683.2719312289904,L,867.1969531511751,724.121895384343
20060522_45691_0100_PP,1069.4880656547962,659.037261515383,R,563.9470498750777,727.1183273180529
20060522_45718_0100_PP,362.88945397680004,692.4629135842915,L,872.4465878148656,722.2827828551522
20060522_45777_0100_PP,1106.762182920711,670.5358124646635,R,557.094967813071,717.6578517372536
20060522_45796_0100_PP,326.1148868115155,718.1007388465721,L,867.3673658153436,722.8254459151834
20060522_45853_0100_PP,1125.2243059437278,614.1623187966826,R,567.8780708558945,725.9102883877188
20060522_45873_0100_PP,288.73025639915375,645.4982254370299,L,875.26912855824,723.6805713517315
20060522_45935_0100_PP,1036.217883820445,653.2301622515787,R,560.1880997360392,714.5988256767098
20060522_45967_0100_PP,407.0361336179979,720.4247762150031,L,880.5320369246231,716.2377572862974
20060522_46104_0100_PP,1105.8722770938573,654.2794089772573,R,569.0519390533318,709.8046238893982
20060522_46149_0100_PP,341.16120661822055,709.8889592204073,L,876.6486790300758,727.3659883792556
20060522_46379_0100_PP,1064.935538736062,670.3625739089689,R,552.1143444984652,726.4228079924668
20060522_46400_0100_PP,344.23794664386236,646.2104370744047,L,853.7742258926851,714.9527989500461
20060522_46454_0100_PP,1279.6957813233398,623.4802370146953,R,750.4816791094372,687.2196040617952
20060523_42953_0100_PP,362.0662780666224,668.5152013336678,L,880.8853578362551,711.2480974075415
20060523_43016_0100_PP,1026.7239584431832,644.1701200332354,R,554.1961010795603,722.951440000519
20060523_43038_0100_PP,383.6662875970776,652.3464937106827,L,869.7866819052707,715.609102691428
20060523_43105_0100_PP,1107.890345756126,705.4870537698694,R,560.3399043606227,723.6145004845231
20060523_43123_0100_PP,280.3007511315858,665.398836242459,L,833.1192170297303,712.926105632135
20060523_43174_0100_PP,1056.7154052689018,716.3120322481594,R,556.2362180815408,725.2168357826805
20060523_43196_0100_PP,374.8001819369123,666.6012126603316,L,879.6565703067812,717.5138808941867
20060523_43248_0100_PP,1059.7771674882777,705.0244230310165,R,550.1309156194905,725.093768339829
20060523_43267_0100_PP,355.12044657550496,695.3310634182606,L,868.7606943776964,722.8985163198214
20060523_43333_0100_PP,1099.492441058186,666.5791472206321,R,552.5312775904914,724.8285225827123
20060523_43354_0100_PP,288.1956172900291,659.7827723593006,L,828.8381278620349,739.4292993728103
20060523_45216_0100_PP,1062.1173280532519,678.5680722391328,R,568.0000820763324,726.1459346061404
20060523_45235_0100_PP,397.47834945233444,628.1566188357747,L,871.773375302542,723.6541595781168
20060523_45300_0100_PP,1034.1183601218702,643.6225383594244,R,555.048263826221,728.3368605443935
20060523_45316_0100_PP,357.11265722892233,602.8322802667793,L,869.1217974182707,716.8618716160283
20060523_45369_0100_PP,1219.070076375935,624.9549857513045,R,712.7462705276732,694.8600613074443
20060523_45389_0100_PP,367.27202651170404,674.3705984160946,L,862.0156757015036,717.9573400731678
20060523_45449_0100_PP,1000.9254501492427,611.0867087080719,R,547.4636819847055,742.0504293747633
20060523_45467_0100_PP,408.6115982132434,628.9181930610118,L,866.7845124855595,714.5139621446665
20060523_45524_0100_PP,1148.9160851337913,455.54085479058335,R,639.449212891042,490.29242721206145
20060523_45548_0100_PP,388.9852361615084,739.1240050063151,L,886.3392231873341,713.4956218511815
20060523_45662_0100_PP,1178.3349302048823,692.1177696038131,R,555.8408756074891,714.8133773069179
20060523_45697_0100_PP,244.97850435504427,654.3960447110447,L,862.8409510829214,715.0055907677483
20060523_45787_0100_PP,1057.2340173781588,712.3234880327402,R,575.9455924631131,743.1723662948224
20060523_45812_0100_PP,377.86116531178135,662.768572772542,L,853.1428634958224,732.5327141149953
20060523_47987_0100_PP,1046.3881916580465,615.6896681797197,R,547.6515804282602,707.6948556198636
20060523_48005_0100_PP,368.76952758743363,619.9973377939922,L,856.0775940691939,704.9597838073917
20060523_48028_0100_PP,1212.1064428126006,614.4417832385888,R,727.2180256129344,694.977966885676
20060523_48102_0100_PP,404.59865625216105,685.6498282060415,L,882.4341732165722,706.2329817236418
20060523_48136_0100_PP,1065.5780045154982,610.2430772494268,R,518.468840076514,720.5697707212564
20060523_48161_0100_PP,312.0298786409595,721.1698415239996,L,863.5480636491094,717.1081410090758
20060523_48182_0100_PP,1018.6091909540781,661.0220987333347,R,548.5746406919378,733.4227724560192
20060523_48199_0100_PP,405.02955734701897,630.5876001828614,L,878.2425382968719,717.1454642783442
20060523_48406_0100_PP,1130.9022975024193,649.7049495094337,R,563.4581066471419,729.3366709244584
20060523_48425_0100_PP,287.5094249585989,647.2666996257434,L,861.5173839011806,719.8367116993113
20060523_48477_0100_PP,1070.70555255224,622.807729640143,R,551.6446894380996,711.8245036268488
20060523_48499_0100_PP,348.39083397087734,621.8932100809067,L,858.8428880188451,716.385020954712
20060523_48572_0100_PP,1068.868355568015,664.7114474015841,R,559.4316602735464,715.9574600631784
20060523_48591_0100_PP,370.6199553067256,655.4627626215529,L,876.641053413107,713.4487114464391
20060523_48643_0100_PP,1068.4080157934995,682.3152266079048,R,555.2972363826384,715.8344710683014
20060523_48659_0100_PP,348.33260763677725,651.786844203986,L,873.7495540922278,712.409637463141
20060523_48709_0100_PP,1098.8321253642978,708.2412852104203,R,565.5035735433745,719.2475536549783
20060523_48728_0100_PP,329.0446083869,670.5324316861676,L,861.6416396585274,707.3088968644734
20060523_48787_0100_PP,1077.4711569969145,681.6218898247215,R,564.7262491791016,730.5480071505542
20060523_48816_0100_PP,363.8912505233733,639.3843392196154,L,876.7116627725101,730.6370218353992
20060523_48890_0100_PP,1030.9537554690307,687.3176431358752,R,556.424872009127,726.9878404383852
20060523_48931_0100_PP,415.061343185113,684.547100392677,L,877.28880400523,726.3284901850302
20060523_48990_0100_PP,1079.542236518538,711.8609227183855,R,639.8530966944619,762.3315395020572
20060523_49010_0100_PP,442.6983171934543,694.5166544668408,L,884.2905922778352,728.1862210596781
20060523_49100_0100_PP,1309.668273132358,697.426560134783,R,817.1162769284389,790.3585739042978
20060523_49120_0100_PP,389.5427696437429,689.6247917122922,L,881.0823430396132,728.5175141318001
20060523_49176_0100_PP,1027.798242460991,666.3301560449027,R,547.3838938524216,720.3576192199254
20060523_49191_0100_PP,439.3884838056937,640.4468445669371,L,881.5976277174213,713.7398566453052
20060523_49269_0100_PP,1062.6376281972216,678.7530860666357,R,565.1405743827237,720.0434625052953
20060523_49288_0100_PP,426.76713505376756,591.212079288479,L,879.1329833660469,713.0375910757564
20060523_49449_0100_PP,1070.1940202804283,677.6015851351349,R,555.7135540614689,726.4586228896198
20060523_49515_0100_PP,204.20089853522674,760.4115466270447,L,720.5429475437983,812.7000750795867
20060523_49573_0100_PP,1070.0755104733385,657.1629798539659,R,550.2656095588935,737.6635909638132
20060523_49591_0100_PP,366.5617947137102,673.2971668938745,L,873.078013979917,718.5341341706231
20060523_49663_0100_PP,1074.637880449864,661.6163419141136,R,565.1566570112323,720.274066392883
20060523_49681_0100_PP,358.79189801036694,681.6089449547927,L,866.6408445485117,731.2736195814348
20060523_49726_0100_PP,1078.5341388651334,695.7528402916726,R,557.5574281487975,736.5774070618795
20060523_49745_0100_PP,376.6788156644774,678.2208446012962,L,867.1558178247492,725.9807503607852
20060523_49791_0100_PP,1063.2272399910764,684.5229501617109,R,550.6207638641467,720.8471513683982
20060523_49809_0100_PP,387.16230450684145,623.446893860873,L,875.8208003834783,707.1576592641401
20060523_49859_0100_PP,1045.2089941099678,670.7148817220824,R,559.9109003589929,726.3856249548336
20060523_49875_0100_PP,382.99157311851025,642.5898857628864,L,875.818845300475,714.3744580922753
20060523_49928_0100_PP,1227.460150681067,784.157502512907,R,691.102117051435,788.8662821009888
20060523_49942_0100_PP,374.8194178293022,618.6749164154771,L,872.5293308937141,699.7017625368956
20060523_50003_0100_PP,1078.8291288455855,706.7223289889682,R,548.9453514534924,723.6172532605117
20060523_50019_0100_PP,358.4402485457187,609.8155259481613,L,878.5163389629467,724.4171805364651
20060523_50135_0100_PP,998.8529847677523,657.8760575405629,R,552.024606800317,725.7983857948095
20060523_50153_0100_PP,426.24485838158046,671.0528442462698,L,877.0650709302233,721.9746126050484
20060523_50234_0100_PP,1181.663836434892,630.235162564713,R,705.9206693869556,684.3537501168604
20060523_50262_0100_PP,397.6176992096545,641.3287169724372,L,867.0835566731341,717.0445814800635
20060523_50325_0100_PP,1111.1913144600812,646.4574155790607,R,554.9533432330343,718.6341866251217
20060523_50342_0100_PP,307.6951339108374,656.5349340324368,L,863.3497087404858,721.9053739867281
20060523_50392_0100_PP,1127.8053636537695,640.2899475667446,R,565.3772225028753,722.2822263138584
20060523_50408_0100_PP,306.3037423267426,641.7038181823278,L,857.7601136289917,735.529618999901
20060523_50469_0100_PP,1102.5036095223368,740.9805767422325,R,599.4226436149695,733.6113013311823
20060523_50489_0100_PP,347.1521378346557,612.7167960964351,L,845.1805760034111,708.6970070457993
20060523_50539_0100_PP,1077.7313341511651,637.0714889247201,R,556.5086214532058,733.7611301684435
20060523_50556_0100_PP,347.10630226649,664.5275082384915,L,870.270309314033,715.5195957905919
20060523_50616_0100_PP,1020.0364556662867,687.2109600041541,R,557.6794386001609,716.8477205412331
20060523_50631_0100_PP,422.18392127900006,688.0164348207281,L,877.8882804276075,715.8486344543866
20060523_50707_0100_PP,1080.526532788347,722.3874926226398,R,555.892729537319,753.85593038172
20060523_50730_0100_PP,357.2224766017977,707.7322727147878,L,866.68999065771,718.2438976790879
20060523_50790_0100_PP,1065.3107893304484,672.231102615012,R,558.8048167082259,728.0222649767359
20060523_50806_0100_PP,355.4690564996038,671.3832991815138,L,852.604315535019,718.9990645566846
20060529_56013_0100_PP,1117.3877390988418,652.4845743684126,R,556.0250371302362,721.3779706961274
20060529_56039_0100_PP,290.0161677098051,567.1550687759137,L,865.4947116010029,717.8671881266002
20060529_56255_0100_PP,1061.9639660899797,641.0184064561358,R,563.2182978197077,725.0724519959217
20060529_56338_0100_PP,392.233270717858,635.482734919026,L,882.7132634185183,730.0567957513947
20060529_56420_0100_PP,1038.8665995747617,671.8412380623247,R,562.4059018663014,732.7385639242198
20060529_56442_0100_PP,420.74416988031777,642.489190119085,L,878.0805954799816,713.3050388729
20060529_56563_0100_PP,1057.4793046143725,710.9622205543574,R,549.8981991710873,723.2820057440201
20060529_56592_0100_PP,388.0009238570999,729.1313493726703,L,874.2293300760876,727.9539016917427
20060529_56700_0100_PP,1231.9985167158984,639.6362423361754,R,710.2702089097739,693.9838365462936
20060529_56730_0100_PP,357.113233979472,689.881476611097,L,877.8220085126986,722.0374606410196
20060529_56834_0100_PP,1061.6650771968227,688.9261712058641,R,552.9932004989449,720.5479518530683
20060529_56853_0100_PP,374.5500665764743,645.3988122292944,L,877.8306557496496,719.0994287611222
20060529_56948_0100_PP,1016.0260976428228,656.6686430273704,R,537.5536344892028,729.5801589616814
20060529_56968_0100_PP,422.29332602116506,642.2557837952953,L,880.4556679882886,713.0650730614383
20060529_57030_0100_PP,1080.7455820473997,647.579422418624,R,552.6420296737307,716.2312373251272
20060529_57063_0100_PP,342.19889029362344,670.7787783894979,L,869.903442327031,712.9410864615031
20060529_57156_0100_PP,1081.6215244233101,695.2988780736098,R,550.842134630105,730.1584660462555
20060529_57174_0100_PP,338.0030672937844,707.8337771005616,L,863.3518656243956,734.5255813260268
20060529_57261_0100_PP,1016.9184233468808,651.8072959828722,R,555.0365852227382,724.4586269882144
20060529_57287_0100_PP,434.7235288679244,680.3562443521956,L,874.0028198959137,720.4398542047605
20060529_57351_0100_PP,1039.2015442373988,681.2177909293275,R,553.5344876270096,730.7042812470517
20060529_57372_0100_PP,394.8123728418842,652.3199113469414,L,888.4898191999102,714.1440638344933
20060529_57430_0100_PP,1106.2779837687801,597.4688710517551,R,583.0132410009053,702.5288975919804
20060529_57447_0100_PP,340.0923962734537,654.2152995030598,L,852.0716355097214,710.3458547609075
20060530_36860_0100_PP,1054.796814187204,643.3785300252549,R,556.894871729408,726.6332954816414
20060530_36895_0100_PP,402.06224884159883,626.8946053723043,L,882.3136343560802,715.2378083894822
20060530_51254_0100_PP,1095.3075187770849,712.4308053180283,R,559.9599903001052,725.3769467020076
20060530_51279_0100_PP,366.0371920840136,639.839951892668,L,881.4627946019658,721.5777741261545
20060530_51377_0100_PP,1091.756300333051,692.9795820686645,R,554.1277005178652,724.3706557634266
20060530_51399_0100_PP,317.00078103031825,720.4464848494493,L,854.5025421928543,719.6247962510038
20060530_53042_0100_PP,1056.645670611112,636.6005843958832,R,557.0498582386349,722.8792302859304
20060530_53062_0100_PP,369.91227687775654,661.2725835988879,L,878.5419454631411,724.868381922957
20060530_53132_0100_PP,1067.4433249614603,693.2855265081753,R,556.8040742469313,725.9600930483299
20060530_53152_0100_PP,361.4777675952626,650.9540923333893,L,875.5388086178009,726.564591208923
20060530_53233_0100_PP,1082.667316778145,641.5934790113026,R,561.1346803989356,729.593965360906
20060530_53271_0100_PP,332.45947486923893,695.4072660445512,L,863.1340828184005,725.2728994746883
20060530_53421_0100_PP,1109.3216727310275,666.8841790463877,R,580.2767104897104,709.4787330468315
20060530_53455_0100_PP,342.46599601331775,602.9962241114031,L,845.2444193147999,702.2022019430887
20060530_53522_0100_PP,1096.0490916112644,656.9485846724255,R,610.5381669671187,724.9555705649128
20060530_53540_0100_PP,395.4560848920951,633.8703132432373,L,869.42098675308,718.332957742958
20060530_53597_0100_PP,1102.420429464806,680.2752761698019,R,562.6404240323319,711.7541607916601
20060530_53617_0100_PP,359.5078552118432,671.4329443223293,L,875.4118398464091,724.8359990948451
20060530_53742_0100_PP,1000.2662702429888,700.0159138522865,R,543.1874697474806,722.4019714753299
20060530_53761_0100_PP,431.31324585705966,703.0189386980752,L,878.9828638247916,716.5479713221804
20060530_53816_0100_PP,1049.1728193630431,679.7834498906709,R,547.7607157006383,722.1481659149049
20060530_53836_0100_PP,389.45549285076606,656.6338174693723,L,885.522701029978,720.9537404320173
20060530_53928_0100_PP,1050.3957324643104,676.4144781275214,R,547.681128816398,717.0884391767313
20060530_53954_0100_PP,398.4778796141652,702.5781791933558,L,892.9563848990103,721.3394547805686
20060530_54011_0100_PP,1103.1027668188428,702.8943810626267,R,561.1160057824137,719.8197833950055
20060530_54030_0100_PP,369.04837421721874,636.6482750290646,L,880.1632627865148,717.9714904198264
20060530_54107_0100_PP,1075.6613615947672,634.3314281717119,R,552.8102241380095,707.8897108737472
20060530_54117_0100_PP,343.4935568801921,662.9030847050893,L,873.8479131460269,721.1007245227456
20060530_54223_0100_PP,1037.6028901730097,694.115817057692,R,549.8814137626135,737.2088237871786
20060530_54242_0100_PP,113.05144814470776,861.8546896121296,L,607.3418529094373,955.0041395168015
20060530_54312_0100_PP,1308.7364702500795,655.067057731604,R,767.2735338565283,709.8270532005146
20060530_54332_0100_PP,338.2551906808404,702.871323135419,L,883.2329189550535,714.0878587738788
20060530_54529_0100_PP,1238.7022495582403,685.5297781673906,R,682.8741931768171,765.5549564364316
20060530_54556_0100_PP,352.0017419380397,639.4002673483845,L,879.3644085431315,699.7186186018884
20060530_54632_0100_PP,996.776016043106,682.3284259620096,R,537.4309341132902,717.9811630034153
20060530_54653_0100_PP,430.75098528339385,730.1953008158096,L,875.874899075678,742.3896861892096
20060530_55180_0100_PP,1007.4889049457611,723.9891058326588,R,554.5164069413022,722.7119239226963
20060530_55203_0100_PP,196.19480777155007,783.7026321937137,L,669.7595228979244,834.582287599672
20060530_55370_0100_PP,1077.99968989739,648.3367127803898,R,557.253311461606,713.5378797715042
20060530_55390_0100_PP,346.43874279063704,646.6633951213709,L,865.8677411049638,712.7910445996818
20060530_55451_0100_PP,1071.498552426716,658.2487668194635,R,549.093979579655,734.3048289313602
20060530_55468_0100_PP,372.02726363734547,725.1116892276304,L,871.5252537904125,725.9247210963873
20060530_55607_0100_PP,1064.6590288130208,635.8691289895578,R,562.9091421855102,710.1480004512001
20060530_55628_0100_PP,371.91544928642463,639.9277858288842,L,872.9187237277827,714.7475833968148
20060530_55724_0100_PP,1084.6419364596575,701.0740652473974,R,569.5184692819972,732.4396069020652
20060530_55746_0100_PP,371.80322860342045,662.5475687818144,L,880.6588090101575,718.2539027055159
20060530_55816_0100_PP,1236.203917408561,718.0635872332319,R,699.3221118729701,783.2254146111198
20060530_55837_0100_PP,368.80083149613904,608.5618226859688,L,886.2082802072795,714.9334363432172
IM000012,1233.704855759945,802.7150401218202,R,701.5029119071507,844.4903352278338
IM000013,397.64801869295763,714.2773480934351,L,905.0337063373275,782.4230821524824
IM000056,1095.2736539899042,741.7280898066409,R,562.3588813414651,752.6149361660221
IM000057,241.4358638922587,737.5557265497162,L,774.6423689634559,765.3349508748249
IM000065,363.16738205959615,677.1159776477982,L,880.7442406707489,749.8908788575386
IM000066,1104.3372250604282,766.501461228512,R,571.8054717098547,757.0311464844171
IM000072,1267.538486073581,723.2592214383767,R,706.4588225038626,781.4804532946339
IM000073,351.5507002966662,736.711956995489,L,878.8919137780807,753.3004697086466
IM000079,379.89087453477856,699.2362651595879,L,885.709976936206,769.8534528922377
IM000080,1096.60114029358,697.0563433857661,R,550.4608730814714,767.3188042486748
IM000086,369.667900913008,725.8050941836581,L,888.6262061510545,749.7698574318014
IM000087,1100.8133835495144,767.3629890443829,R,566.1860833489098,762.216608503344
IM000093,396.9355590864643,699.5393504832685,L,890.7772429277792,750.8818975633659
IM000094,1085.7027246345433,680.99740789296,R,558.3769232433273,770.5538627865895
IM000100,343.7276451343889,700.85494894075,L,864.1485702427084,755.5337597753042
IM000101,1154.3561466705664,662.2758815415656,R,655.9319240422693,740.4731787907137
IM000107,1099.2149286328108,675.3964041051483,R,561.8721638208826,767.6847598089289
IM000108,344.4822920687432,661.3602500378295,L,877.4912448751522,752.7903264876738
IM000114,344.89090717099435,678.9147879022773,L,888.7416496757326,754.4603320062549
IM000115,1136.8288117222326,675.888073917759,R,599.9202416301276,754.5781842161587
IM000122,1034.3505750272989,718.0347653079041,R,546.6114521363656,779.3352715766472
IM000123,427.59901182949284,656.8555639377535,L,902.1647111922742,775.8565129040934
IM000131,1143.0015740076947,743.6048009373627,R,614.6744755378471,797.4985816472225
IM000132,362.8144212359591,685.4410451632443,L,856.3982601401236,746.8756447152929
IM000138,1098.8775398548173,777.1925252255847,R,556.477304718475,771.2070937134348
IM000139,387.0038553331205,675.236994396706,L,877.9045433877302,743.4952547114184
IM000145,1251.3639116558327,832.4981059202755,R,705.1361366854198,856.9803859726554
IM000146,227.81712713545727,702.2714422804925,L,741.032548400294,809.1440154219165
IM000160,382.026393994349,676.2551607147427,L,887.3845705556411,745.3257771368256
IM000161,1066.5072612787533,721.0507946701679,R,543.4079636187428,749.9142665365681
IM000167,1141.2846788498919,762.5586781554235,R,539.7892205075923,788.1149648514499
IM000168,291.6870388409095,705.5911693668183,L,871.5559452986033,765.4223509091371
IM000190,1111.6067963664227,699.046894128992,R,559.7599119940786,759.6193943804254
IM000191,120.39506439274726,689.5744690529459,L,698.184436822342,763.9829450917433
IM000197,1186.4414961920695,707.7974307928803,R,617.9718997484165,756.7563691353078
IM000198,336.45163033267625,696.7949464535076,L,886.5363371238816,745.994353722634
IM000205,357.27765275828074,694.0644030447937,L,882.8249589152107,748.9601993602058
IM000206,1119.990046426013,701.0340070787115,R,581.4965055178211,772.921127255195
IM000212,1126.534604738969,753.0344505443773,R,565.4122773717569,772.3023852492679
IM000213,343.8302884378887,721.4028388455973,L,859.4295445927895,752.0843770960792
IM000219,367.31904587561314,715.2200260438232,L,888.1663334395937,751.818369853524
IM000220,1075.5317888294649,698.201409863391,R,552.4382234208705,780.4773227282615
IM000241,1240.3401097472185,768.2389515219666,R,699.3571721679845,785.8102267862496
IM000242,385.8096485725147,718.3040969282747,L,888.0839441905872,762.8192273441267
IM000248,1055.2289811680014,720.2660124811138,R,561.9560503260559,762.6859031576088
IM000249,411.2885726859217,658.1452251993585,L,890.1930785423343,748.8334595032519
IM000263,1039.5972892874113,735.6830574391913,R,568.0961153687964,794.1128810656177
IM000264,437.54061406699674,664.447498168241,L,901.0537816326256,740.2137254060574
IM000291,1128.380696208438,731.5224705052999,R,560.800615958777,774.7332117024613
IM000292,341.9963297956067,664.1367628505785,L,881.9322881447938,749.7648358398532
IM000298,1095.2430929314337,739.6809980115646,R,557.2702563625785,779.3860403471178
IM000299,354.02178023236155,698.298425059021,L,886.6997122924046,779.4358518875742
IM000305,1161.7289214771736,746.8262938855988,R,597.7033899508291,753.3633882263749
IM000306,290.41891560198155,568.7256145040096,L,834.1512116231313,722.4839159979704
IM000312,1102.2000647111965,705.2336160149,R,561.1840866771299,757.1449455507345
IM000313,350.3984496083597,651.4468659191518,L,871.5292839153669,753.9892881379349
IM000319,1116.60904986506,733.3604676471923,R,564.935963185626,767.6938621019793
IM000320,356.1430207482771,679.9111499803277,L,890.3138318459767,752.0565760143656
IM000326,364.55025810696196,648.5791675561887,L,861.6218683970789,747.1828306461642
IM000327,1117.1939018615435,777.4615230310875,R,586.6179497004422,772.2941116633143
IM000349,1083.7880450075827,679.4977461618832,R,555.8272896490611,769.7357909476679
IM000350,416.90233809181126,695.0334435578643,L,872.3153282926706,750.427108865415
IM000356,1266.9728015821397,731.4903131232243,R,714.6386651077123,767.8077925654231
IM000357,284.60736617907645,693.8963683096073,L,838.9205115872805,741.3157791932006
IM000371,324.01815517620986,651.9003074315393,L,869.4930224669417,748.614404707998
IM000372,1124.524643749408,716.0719243042355,R,568.853067571114,762.8713633730006
IM000378,1124.349386691769,703.2223298371356,R,552.3934920229449,761.455183305443
IM000379,324.87167044370693,695.4002234762728,L,878.1805753389124,748.9415864747458
IM000405,1133.3355058955083,743.3920470368892,R,564.1827390555161,776.8078349884568
IM000406,348.96879189428,715.1095804623933,L,884.1482605032919,761.0448830672605
IM000412,1136.093544995773,772.7625061111047,R,572.6562627698173,765.5504623800508
IM000413,326.0325021430221,664.9670033119688,L,872.3983047057093,753.1747708022624
IM000425,1079.3720047367146,690.0541175303513,R,562.6504268847419,762.0621329473522
IM000426,359.6375540776201,631.0592826659881,L,873.2604047534604,755.4220792937285
IM000449,377.10722029632893,684.7920489921787,L,886.741975754402,750.4103028566327
IM000450,1092.6183388708357,719.5394223278201,R,566.0850852709679,757.3569279036248
IM000472,365.963698144822,711.6604502697002,L,894.5309655717224,757.6236432863308
IM000473,1075.4276852691803,685.9956407606613,R,545.579627120552,761.491229799253
IM000479,1142.2098247419415,751.4224663155594,R,553.5967249674072,764.150304702514
IM000480,320.0016685349883,663.4968699437078,L,882.9272689278268,757.2279354667216
IM000500,393.67982112377604,697.9381638741896,L,883.1445208856187,752.3112278635084
IM000501,1079.5501577091525,780.1951862804592,R,569.3209345214757,780.6363947320699
IM000515,192.35251479535324,775.7743328873341,L,696.0052097625008,839.1858264367604
IM000516,1180.5419881689097,820.210152407654,R,669.9473661910828,796.6006571967438
IM000530,1296.1121837217636,705.5543480282845,R,736.5196807040542,781.1818412448564
IM000531,117.10613421034915,637.8100695782753,L,710.2943601829446,774.592476162024
IM000537,1376.7029560921521,701.7946913722037,R,839.5524506007938,754.2595627621133
IM000538,380.74922997752196,671.7109297985301,L,878.085223431883,738.4171870321812
IM000546,1254.3825161371133,763.6144793941875,R,738.3009145451068,809.9188715071199
IM000547,452.83246410543893,695.5417302445148,L,935.735763427985,726.928587986431
IM000553,1104.2858715908746,723.8337458270393,R,568.8298420466093,762.8838705634076
IM000554,343.3576193162494,704.662033368669,L,883.1790639965776,751.9062469027278
IM000560,1022.8660429472368,732.6007134830563,R,544.2150533695301,747.1542968918162
IM000561,408.60561717250926,706.9604595432364,L,887.8548122131675,750.4390924719069
IM000567,1200.9294475381612,796.8910551821754,R,660.1110330423899,832.973161056909
IM000568,303.81088118459377,693.8392936793541,L,840.1509936335239,725.4514125467028
IM000579,1103.073307394674,743.757057829948,R,560.5001149637139,763.0367409658253
IM000580,356.8936360404314,683.6533507451032,L,892.9946813517191,758.414664023876
IM000586,1100.687881500205,686.3722936316566,R,546.4241875280466,757.8867258465717
IM000587,337.68751937710255,711.9084250531564,L,868.0702289291974,751.0579331458792
IM000594,341.6735733177108,662.8342601585875,L,883.7195437068148,764.9696287016171
IM000595,1111.7400172608848,775.742177965222,R,544.5227846898554,779.2083139919613
IM000601,1085.5568127959223,719.8891317106527,R,547.3098247677702,763.8155814065461
IM000602,276.5037613405329,690.0524416052892,L,826.7255015901559,739.3411898786538
IM000653,323.94935375531276,660.0290297084711,L,867.7022924467652,742.9906298071539
IM000654,1206.6419753411499,722.0610900571997,R,636.9483130185798,743.5402118694014
IM000667,1128.9214578747913,774.4821303489193,R,590.3719516221818,772.5798877901174
IM000668,402.5268066526669,720.7308804770191,L,901.3432539854184,771.3550314046015
IM000674,1058.9007629202015,736.7701894383574,R,549.8774690429882,764.7718290698219
IM000675,392.8802233669897,661.0270189030731,L,896.378351382852,754.1297030442036
IM000682,1294.3880624340823,685.0147144527725,R,717.0783669069024,777.8033175228489
IM000683,379.2436468806827,700.9373118456276,L,904.9925139401533,749.2597763541424
IM000689,346.45247462466745,701.4560801576889,L,890.7923852853257,754.7409759446035
IM000690,1130.1904601057538,752.1712127180673,R,590.6701393384159,775.0212143848843
IM000696,1109.2204788894478,722.3152422837284,R,571.3212575563236,767.2740449089716
IM000697,368.00440488615504,673.1425833186082,L,879.1361267169647,762.3738755519381
IM000703,1126.867420453058,736.0917877305639,R,557.4877555558631,771.0767177612172
IM000704,317.93858072788146,689.4085313789983,L,878.3035426146246,752.9190879670829
IM000711,346.7430962732901,630.4118834698471,L,891.0378475717519,752.4279403285252
IM000712,1136.0598712426463,733.5113923794663,R,571.1187447360228,781.9599679998518
IM000725,342.9881864390895,733.5075163814352,L,885.8271365005228,760.9297555371022
IM000726,1106.9652721038165,726.79667370458,R,549.9866478259898,768.3732066293675
IM000732,1148.4566176258995,718.0113029383912,R,565.4521332209399,761.6642478336237
IM000733,334.2285445967498,701.5362134543312,L,892.8088798070817,749.0717081354045
IM000761,422.09676266770015,714.3569388340652,L,898.1596060397372,761.4685485431727
IM000762,998.1426617296953,715.2883904622829,R,517.0817111859756,761.2894089099286
IM000768,1132.3895468014944,733.0510219871229,R,591.696781165426,788.8189909825284
IM000769,377.7648826372493,711.7167900514382,L,911.6237355421072,817.8361613984991
IM000776,1093.9206852400487,745.8488171500372,R,560.3350050849805,785.3161577394018
IM000777,376.3843918971278,709.7009197346557,L,859.6908690054403,758.8919653451958
IM000805,1096.6561505496827,725.1933376924154,R,561.6709622450054,780.1001185562633
IM000806,388.8461532101388,677.5641763196045,L,894.6872278447552,766.8349462738822
IM000812,1108.3838455201167,722.3559321258718,R,553.0817091401993,761.2715097992917
IM000813,348.0280995429436,757.8732207236832,L,872.5524069702011,744.6959156456774
IM000826,319.6549455110166,697.9904476085246,L,866.1948688682455,755.4603292920526
IM000827,1127.2414894053923,730.3189030867934,R,573.0086807320907,767.2958685077048
IM000833,1114.2061303630474,597.0616563199461,R,603.3241647853222,665.07427372756
IM000834,248.35234279564014,652.2347852417839,L,790.7847587730263,744.5099845104435
IM000840,1049.963738230015,774.0956362889193,R,553.817501980885,765.1309266725026
IM000848,414.5559503729544,670.7116614564803,L,877.9993752475401,746.7432170723692
IM000850,1071.9278371101025,696.1469973767519,R,555.0539173350018,762.6896104321403
IM000851,373.8922324026904,696.4297203933821,L,884.1000610559076,750.7476554872914
IM000859,234.0677910900478,667.7086398190694,L,780.5485303509184,755.8836991276712
IM000860,1184.8641156942683,822.8513629425637,R,629.046119523106,845.5637735207329
IM000880,1032.6796353853733,732.1008794860034,R,523.4228255518525,763.2617790577099
IM000881,394.62785972771565,758.1977675960811,L,883.2151681612293,784.3642832790123
IM000887,330.32972218110166,679.2182411767508,L,889.5698062488184,754.0926270769884
IM000888,1115.6405012772698,771.4838979075413,R,560.9342909215775,780.2092609930108
IM000895,378.1527133311611,611.466299747202,L,905.3268563486263,736.5064404851428
IM000896,1255.2008099246195,743.532874410678,R,709.4911588265688,751.7926341695605
IM000916,1115.7276111044791,770.7449717166018,R,594.36528212464,791.7083118394598
IM000917,391.6334041568393,714.3041871616582,L,892.8608465772014,768.7490057910073
IM000923,248.344314189506,686.0040736896925,L,800.2958380139673,730.21245686969
IM000924,1375.6706245444632,627.3179653246336,R,809.7062612622615,711.2797232378191
IM000937,376.33477569495784,620.1407742087925,L,858.7817320574252,749.2851517565149
IM000938,1061.597446198066,692.3088689286096,R,545.9889589147375,766.4753111843022
IM000984,317.4051093323428,644.8808290022614,L,854.9259248994435,736.6002294209386
IM000985,1154.3640184521942,741.8891438445412,R,575.5984418046552,761.6191008472506
IM000991,1083.8831686524798,761.3246348429187,R,540.2914804166587,770.4780838026107
IM000992,213.98147494752618,621.0167726948285,L,753.9801230790326,768.5135308433255
IM000998,1019.2276500133925,713.4571974612936,R,543.2144819917289,789.9989689737574
IM000999,419.20713412140674,745.1346769370228,L,912.5254419064606,802.6575079877614
IM001007,192.6949122832922,776.2631893723317,L,745.3487861300069,819.259041341238
IM001008,1111.8389077208712,742.5921351664077,R,583.0010894429766,782.7393474520909
IM001026,383.30406333477373,679.810636582689,L,882.9296687944676,761.8394392303336
IM001027,1110.8831259322974,717.5545488877908,R,587.7484242474421,802.2438568965543
IM001033,1122.8909661852465,697.3387741899858,R,568.7189498177814,755.5142963505059
IM001034,377.9463982068769,673.1508131745162,L,879.4980100670887,756.0117911633446
IM001088,1093.7996584607615,713.5840742299779,R,559.3058384284203,760.0056471410301
IM001089,355.5735076907515,678.1047011860086,L,890.3046264156964,750.5710449264824
IM001095,358.95710494583545,728.4168617355153,L,876.0842363833635,751.5144038155213
IM001096,1275.9556548844785,772.8356740775474,R,727.8085834032983,755.7482139909638
IM001102,1108.005529583021,738.5134498094752,R,562.2821418030462,780.8410793029055
IM001103,354.8161686833263,720.4067601497305,L,884.5029184205705,768.7834024724195
IM001109,1114.9257596515627,700.0864395189342,R,570.2026531252604,758.6596790060039
IM001110,349.5348805397709,706.0700498996722,L,885.1737038397891,752.4413081383736
IM001116,1082.8670306728818,723.4416439220626,R,542.6881947894245,754.8163061381547
IM001117,390.1869355184826,617.2483613311158,L,887.3406079389046,740.5601550089887
IM001123,1052.5730204466881,771.8971103377548,R,560.7308526852337,760.320161626802
IM001124,416.52170937261866,684.2762000480789,L,876.6737548139619,754.2836768448772
IM001138,1112.4654257029783,755.112293974719,R,565.7129735163495,779.8238938018081
IM001139,328.1667529668738,688.8264321688139,L,876.5241792555375,757.9107527143148
IM001145,1077.374606175691,673.9746334654278,R,560.530016605901,781.2200357524201
IM001146,373.1541463918755,723.6114535329814,L,895.7310125201367,761.528040012143
IM001152,1098.3183796927824,686.6404677645676,R,548.3465157389315,751.6599205584585
IM001153,223.91523832524106,803.2160964806437,L,766.0878897755783,836.7203175715529
IM001160,410.42087907559676,658.6497502523262,L,901.2755779832243,748.6438676552992
IM001161,1056.3913052225246,703.2432933744512,R,559.8555785342297,768.5749648148314
IM001167,1053.5865134857818,761.6597195476685,R,556.4700090594596,771.7564478336665
IM001168,390.7410604858458,695.1505821097646,L,869.9405837697801,745.7566393813788
IM001174,1139.6539808791536,735.1082739112015,R,543.6243203009196,784.4515848331455
IM001175,318.84055436134486,743.2065445776727,L,894.521008216194,774.3496413117884
IM001181,372.1648887240316,683.2112284560263,L,888.2705195975967,766.7063135322256
IM001185,1100.9267800472376,672.3014181599913,R,554.0195732202664,768.3678765605748
IM001199,1074.783866870951,747.3278902940451,R,565.8120395244619,777.7307394171431
IM001200,406.909090101754,684.6905203461625,L,885.2639894928784,758.7056318974019
IM001210,1088.772445143339,743.3284835018416,R,574.7776250398113,760.0685231771931
IM001211,367.1593173467901,757.8660294388409,L,861.7726302261369,766.929966616912
IM001217,1085.9472778564757,755.3162475763389,R,562.8683567194777,760.1941574534866
IM001218,393.8985325710719,659.3769482481389,L,885.4674354184285,760.3683210739794
IM001224,1291.0912010588852,662.8755222915806,R,737.1277290796023,737.5110764040106
IM001227,339.49356803309297,642.804570434405,L,872.3520340334875,748.8247079790319
IM001231,1168.292436860676,787.8557258160922,R,545.9334055965567,815.1563861983337
IM001232,330.7918484181921,626.1487916307121,L,913.2890167734733,757.9574560322944
IM001245,1137.9394866403038,743.7589147653803,R,560.2028215705573,763.2092322511734
IM001246,327.29671288899726,739.5502966556047,L,890.6154209498183,744.6597830254688
IM001252,1162.7163177646758,723.9670675025895,R,558.8052553695035,755.13317268823
IM001253,318.8596717461883,680.471630921251,L,885.7183522111665,748.957372595758
IM001272,1274.7691443718397,820.3031315586444,R,701.1868540602572,879.7888896928577
IM001273,198.6335055261571,771.0914997179513,L,765.4414826866383,845.2314004240059
IM001293,1105.0014317765565,738.9100224829818,R,568.4063026717106,766.0714862160038
IM001294,365.2409089170579,672.4438960684904,L,878.4841987740306,751.5517989228196
IM001300,260.44803108921064,702.8436631200842,L,771.4454337888806,799.6564727803608
IM001301,1079.9897030368347,658.2696478865421,R,583.7428114029645,770.3560634371213
IM001307,912.0708196433759,679.219024577916,R,362.10808737134187,763.9015889647404
IM001308,357.7882104182757,631.9131441828245,L,873.8826558398176,758.7876433182116
IM001321,1108.2855589582218,684.6915118976387,R,553.8919834268795,757.1563838065399
IM001322,353.98706770216836,691.556267299525,L,886.4154562363315,745.3685433331561
IM001328,393.56632905814837,640.4108485955379,L,889.1939831859677,753.7795589514923
IM001329,1094.1578407259485,760.5113878534012,R,560.905760537618,764.4869581289429
IM001335,357.94177261918486,701.6310008008961,L,876.7551797448546,749.7998775879588
IM001336,1090.072845127248,730.8964552727527,R,546.38054054548,767.0267799438451
IM001357,1076.098958476517,724.4007484640367,R,562.1361368320761,762.7220944979503
IM001358,399.06719560948153,664.7175882414231,L,873.4856099971091,747.5271446603899
IM001371,1075.461108000253,672.9807370081735,R,538.9819337522812,769.9377486860494
IM001372,368.15952806570783,688.6589987827531,L,881.219929655852,750.8388856867645
IM001386,372.08864985336146,748.3225626672742,L,892.1206618685509,767.4774406533935
IM001387,1070.1749818009412,743.6967538383306,R,549.7394221982053,774.539217814379
IM001401,381.85383933491545,675.6311863310633,L,889.5242923948337,751.4366807720404
IM001402,1092.2190224551578,720.8353732985389,R,551.274201142738,765.4119051309322
IM001415,1114.105064123265,744.4681942500978,R,563.6902640979342,763.1901171846935
IM001416,326.9967398096737,771.4180424191504,L,893.916261044443,798.6547198523473
IM001422,1114.9965624464041,693.3046518345074,R,599.4917659147719,745.4160826174143
IM001423,223.99145482398254,678.4553343645664,L,772.1517674175269,756.2050584045115
IM001439,1065.081909568255,740.5548566515288,R,562.2904721204961,772.0420335161505
IM001440,406.95831336117186,709.7404492387908,L,881.9793198040082,758.73502438854
IM001453,1094.9721307685886,732.5946970328955,R,545.8943328083277,761.1628687424911
IM001454,350.7467115933726,709.5396073042695,L,870.0892633486964,748.8776708234021
IM001460,1094.6908363722036,694.9212314459588,R,573.5095443617793,758.6587760694731
IM001461,361.59000709404734,716.5920580794927,L,877.3150207001526,760.3146988471628
IM001467,1150.6991764919849,707.4245978715892,R,677.4488632835379,766.261720477601
IM001468,428.80258186421116,645.5380910333163,L,886.2446995234368,735.8997931826996
IM001476,1084.1555638216987,759.5186797001529,R,554.3030877931982,770.7597313140633
IM001477,365.52795078921685,680.0304144059521,L,881.9787603062609,747.4919654904785
IM001483,1097.4222167098048,743.9545543262939,R,553.7697346391014,761.0637981226598
IM001484,359.0338527438967,671.7011337209319,L,885.4444782636473,750.5182998679018
IM001490,1112.2607919708973,735.4185053682885,R,555.6451690585346,759.8929077115021
IM001492,352.3087546747929,692.7186227595535,L,882.4695913172907,750.5202383868052
IM001513,1054.0248707606734,722.9433264330365,R,547.070983262759,767.9070017842087
IM001514,391.5924824270835,709.5974465517522,L,887.4232121803632,755.7052288195842
IM001539,385.5922182913045,644.9619517944083,L,888.0484538993387,757.5160154717323
IM001540,1088.0840832715605,769.3335855141099,R,545.1687394449996,777.7635991788122
IM001559,1085.7459953653438,745.3311020158914,R,555.7443628567794,778.2840534217455
IM001560,360.15263326459404,693.7469688381019,L,888.8023568479755,757.2272026485545
IM001581,1219.637163057226,662.8644763465637,R,693.2207318112505,710.3981334507555
IM001582,375.3696100236134,686.9722572647225,L,877.6916028768022,745.1344481864788
IM001596,1118.5173299812463,742.6253085546801,R,542.4360736453086,763.3688831294982
IM001597,342.4777218176015,661.2058893591918,L,886.1921100000579,749.256947790116
IM001617,1053.0169107513047,691.1813132422405,R,555.2579151636959,769.1632825902108
IM001618,404.65298490787524,684.5977354393281,L,894.378108251201,749.0525925932318
IM001629,1051.2862107565934,696.3099564534941,R,545.1268843180874,756.769959050364
IM001630,416.63634987579485,691.4632453519812,L,885.7331484032921,751.8959871890326
IM001636,370.4587717119611,686.3373430586646,L,885.3795138502591,751.483700495548
IM001637,1094.1478319690077,705.9465209489229,R,552.6577430204197,761.9975523563082
IM001643,1106.2588217774378,741.0158779235047,R,567.108707488537,765.5266063446834
IM001644,244.92820383853257,763.9898888686934,L,780.7757013448875,857.3450836023773
IM001666,1095.7452580537974,727.9569511721297,R,552.2489844122103,759.9777117760108
IM001667,391.34557279269643,718.9149205709508,L,890.0338859498838,749.9131105391003
IM001673,384.5666320884686,635.9666772450734,L,880.3811994109188,759.8805650481843
IM001674,1070.831783103946,700.7962543050413,R,548.0664106691321,764.0293145791912
IM001680,371.70765522990087,680.326998136053,L,897.2283736990137,767.015777699916
IM001681,1321.2188094586247,786.8229478586187,R,777.936289589038,843.6167319715886
IM001687,1121.5320505145658,784.796314693018,R,607.5925664173175,795.6727418662996
IM001688,392.1397952957797,700.5817627064383,L,884.8783080740784,757.7488866416401
IM001701,1083.934004903415,697.1408281292672,R,561.1778591925101,776.2436094570653
IM001702,371.5576780790362,684.0940730822961,L,882.4376477429878,756.1242470964847
IM001737,1056.8001073790724,714.0758210822904,R,549.8105448181909,775.7988765801576
IM001738,398.4602977574288,673.2277311680742,L,882.9431614487945,768.5484569336654
IM001744,1046.5725701702956,549.7957339056102,R,465.93469380231556,606.9808940874908
IM001745,446.4128554703174,700.1312272124105,L,1030.072742568209,790.9330259093203
IM001751,387.4146332474471,712.2555518811555,L,869.4756181131922,754.9050482775646
IM001752,1068.8307861472763,774.2649794924636,R,567.5149699661514,772.0910528890936
IM001758,1109.2203697630455,744.5265033348836,R,557.2722597265973,765.4549404086985
IM001759,355.21125684816417,685.3748489643062,L,906.9146724466868,756.3771725575737
IM001765,1279.5931133167794,765.3399556627314,R,701.6125034692343,826.3043072444468
IM001766,157.21570833902905,785.8178185048819,L,725.3019513859873,848.6145934936604
IM001797,360.301413517801,743.9287268420335,L,891.3288595956776,757.5340826528802
IM001798,1125.63187348867,738.4878548286817,R,568.6253037108233,767.0265888595546
IM001804,1098.9934795131855,719.4735727332245,R,574.7953035157522,762.848849519389
IM001805,378.7039976043855,683.3529725820991,L,884.5078624330911,753.4613803206607
IM001831,1147.0609069579173,731.0919782225715,R,593.8084620672223,794.9268564928809
IM001832,322.59836308284946,689.0726424792646,L,874.2256712911919,750.0081177471632
IM001845,333.83902121756256,722.0464867230362,L,878.7472916731282,760.3723055846096
IM001846,1143.263585027537,699.055352216457,R,588.8160905190251,765.3512773449747
IM001853,1068.2743717946098,722.664641190528,R,547.0322463403339,769.4425742131662
IM001854,351.6190220212897,689.019969326573,L,873.2336597288095,746.2745493964859
IM001866,1075.6829809247674,744.9619795826999,R,560.2271487614778,787.815240997373
IM001867,385.18887206418015,657.416262400575,L,884.1051297213571,767.4166284825634
IM001880,1089.007077213092,776.0913452260249,R,566.4033626585908,782.1240850841504
IM001881,351.53499133392353,592.2604441878276,L,855.122290419486,736.9551285059193
IM001911,1127.4925798982597,744.3107807903685,R,572.9118931571584,778.4610702210313
IM001912,339.61545183383674,707.7636261571198,L,906.3857470841932,782.5952310796733
IM001926,1109.0685085030707,740.6410034602438,R,575.9105630412281,744.3043011148706
IM001927,367.09708246776654,614.8591516370794,L,872.4018530859007,746.7589272092976
IM001941,350.1170314898885,640.1410570979359,L,852.6378146544629,738.3192885811226
IM001942,1359.1763172169574,822.7833363142606,R,734.6042507138986,768.5227624000127
IM001948,1216.554638388824,949.2924635911912,R,658.0687279617628,1001.5874166658762
IM001950,347.732243116363,715.2844436088628,L,900.1132373632506,776.448483227298
IM001964,1089.975784608384,741.7701942407649,R,561.2592123606343,758.4419262127096
IM001965,339.7450671820177,715.4620161088231,L,880.5287825712908,769.7590097932234
IM001984,1111.4102947461413,772.3766220231809,R,555.7104306854776,770.3441436927259
IM001985,357.5427818081593,661.9749772581964,L,885.156068403616,750.9023089739942
IM002003,1264.869552143274,717.5256207483064,R,730.9335071267998,767.8739229789176
IM002004,249.7172455399378,696.7732185451314,L,755.8772832479808,749.5619883830061
IM002019,1078.3005504935827,687.5645651674386,R,560.1590290605392,781.5001878670778
IM002020,363.84192523730724,678.2912911280363,L,883.2246766384819,768.4533657881689
IM002026,1143.1400034700744,738.652821065955,R,562.9907942866552,755.5057848106693
IM002027,342.28728978283743,702.4942925178252,L,888.7740187172196,748.5764840545493
IM002033,1051.7865417284133,745.5748649844159,R,571.0409111320747,762.5870455637734
IM002034,420.9154949569583,697.7750903228635,L,926.1837812026306,752.9624749572205
IM002052,400.4001908804323,647.5051671287424,L,890.4818160256746,760.2789700321084
IM002053,1068.4926390981113,731.2801403565416,R,547.1265622769597,758.9481632391289
IM002070,1124.1109585460385,732.259072470521,R,574.7828749508376,761.185709698824
IM002071,322.1559889639576,695.011885304063,L,889.1394935819417,757.1487629834774
IM002134,1100.8329104417896,682.6649379136259,R,563.9484885234656,746.8459444761247
IM002135,335.8054257336216,719.4281526845302,L,882.0114758802491,756.9651380316135
IM002148,337.43475095389425,664.7223852130603,L,894.7357598936213,749.1599312378229
IM002149,1137.174144464123,788.4619859159573,R,576.088565082413,764.35966911553
IM002156,1046.3751149393784,724.3404703355435,R,586.8772839262787,758.5293527226128
IM002157,414.6036627714485,692.6310661025286,L,886.2232053621995,779.903669570148
IM002201,1045.6919240692334,709.2529791995581,R,560.0871631987839,759.7292914113292
IM002202,356.14799177991233,694.8161124249351,L,835.8462356044201,753.3636427041242
IM002208,1010.2279205388112,764.291392983157,R,549.5389493072013,791.8174111255881
IM002209,426.0172148000272,728.3870048565786,L,880.573059457566,756.571432881607
IM002215,1073.3101163769134,732.720982265749,R,568.565645024129,751.2669062153489
IM002216,390.3475838859697,665.9023189569167,L,882.5102995275034,745.6505838089874
IM002222,1287.332450724557,807.641251154966,R,702.4344323332991,822.2815928743737
IM002223,166.58467489070125,779.5741800733896,L,737.4239387178135,793.5901552293358
IM002251,1132.7104639206411,710.1393723681824,R,564.6587104100812,778.3963055311266
IM002252,276.16413716981634,673.5912605148316,L,841.0703822419164,765.8911218245747
IM002268,1106.4367403514489,640.9558735925801,R,566.9909645014567,759.6095062246325
IM002269,356.43215743376464,725.806308795499,L,901.0460773821982,751.4912918254415
IM002275,1112.2673118484254,692.2046165133399,R,562.0921517151278,780.3088501702783
IM002276,354.14118526654914,685.6211231757027,L,882.1731972226569,755.7790995876381
IM002284,228.100432533257,668.8141721267867,L,749.6886295722433,748.6222475831509
IM002285,1263.1637344739697,689.8800673668281,R,707.5024349129941,762.230595855153
IM002300,1017.7224858811395,767.5324689188704,R,540.9440729653701,752.8677857749786
IM002301,423.13367033891365,693.7298933268654,L,895.1391235477824,740.9196318683463
IM002321,1309.93950949913,627.4383750207239,R,758.4041308277332,738.0286909113412
IM002322,131.53918344709643,646.3654928276026,L,673.1783740901965,697.0596527933777
IM002335,352.02166511900225,709.3916441338207,L,882.1525272330354,785.0023093555864
IM002336,1105.9176962097451,728.0791850704102,R,571.3553523558485,766.0221070618721
IM002356,405.0731931722668,691.4921362628697,L,888.9314873756514,758.52415228807
IM002357,1054.368275336949,772.3792250180841,R,564.7772907178165,751.9497899419487
IM002384,1075.5317195839123,726.5178485758892,R,585.560268571588,765.251693342487
IM002385,239.4233342623949,703.3177748153807,L,747.3729997715126,799.2917939651223
IM002399,1084.3592512917767,742.7353914590507,R,563.8639567975675,771.0193186566671
IM002400,371.1998639874158,690.3751424647891,L,888.7867989307676,758.7289565095805
IM002414,324.36141869693057,741.0957433584069,L,881.3646718988036,764.2981434502689
IM002415,1131.5254742521247,769.3006234744574,R,560.5176348822615,766.6791776812183
IM002441,1110.6820666457263,818.9498985332885,R,576.2873171395049,837.3724523841054
IM002442,85.54208139231496,572.7918147092731,L,767.5963140337398,732.0531591751579
IM002448,1190.0380443961828,709.3258083127522,R,680.1127326545039,746.1772742865335
IM002449,343.3018813994445,571.09661191969,L,822.6323689446757,663.3508007400759
IM002455,1057.7813123648286,732.4714204138395,R,557.5340975900885,768.9349740005126
IM002456,406.18701930658386,689.326780233904,L,872.9904418967405,752.5218585091822
IM002465,1116.039030166742,735.742227256159,R,580.1356488973503,757.8154238006498
IM002466,347.11178044748544,728.9950533573045,L,877.5276844009722,761.4036823918054
IM002472,1100.6322744791048,703.0031775975666,R,606.4403118270511,742.108066729058
IM002473,367.5706179909253,684.695169843936,L,883.5727530376907,747.8191595706186
IM002481,1360.1587004662126,751.4511750462317,R,796.7680094616218,826.5129764011242
IM002482,210.29515080020752,832.8352554013719,L,765.1385287593613,870.5009276499208
IM002486,1170.6509320725477,673.2177513050677,R,609.9338155647414,735.039827622143
IM002487,277.2008205813863,730.4362559036887,L,865.5799957112506,738.6466299360941
IM002493,392.0741371182307,606.8656496460516,L,891.0849652915633,740.1136864474915
IM002494,1116.98111304256,740.090160226835,R,603.9657843731176,741.3890460929615
IM002500,379.8148672097574,714.0348837524708,L,886.2109215990258,754.314589016483
IM002501,1098.0401434813882,722.8254064921026,R,602.2147210888666,747.3736214215423
IM002508,1147.2147854100797,727.1878566831057,R,570.4770470487636,766.2639967438037
IM002509,319.1262512634943,704.9713022887438,L,886.3110922678201,758.4631890492725
IM002515,344.1809056667874,627.088800195293,L,876.005062099679,752.1839286495781
IM002516,1108.7720614089394,749.7342571101434,R,566.6694405397901,760.7413351846097
IM002522,1113.254778417045,671.0642099380922,R,572.3710818087011,754.2509950414933
IM002523,358.06610029914833,694.3385886219911,L,898.1533998716322,750.128590238423
IM002529,1132.0174302774365,727.8158289378825,R,658.4586278922695,758.6874789389886
IM002530,335.258773595603,679.4460597095074,L,854.0697080325726,751.8259017132219
IM002543,1133.4064471871432,706.8299493704459,R,557.1267871088347,760.0899477563421
IM002544,345.7660989242945,691.7936626941801,L,886.715345214745,755.7738507812101
IM002577,1110.4420041700737,697.8593243974298,R,578.9221172675763,755.6892239114429
IM002578,364.823628760113,749.4433726937577,L,892.4681513645916,760.7913142815712
IM002584,1140.8458902858044,793.1927931580714,R,580.334739924762,760.7395030703834
IM002585,355.53940068962265,629.2040787721681,L,884.9763601583527,754.226479711459
IM002614,356.78741674376636,748.9018110513548,L,894.679944932364,762.907369274509
IM002615,1120.2735194358152,748.6703691327019,R,559.4453576350526,780.3758551080819
IM002621,1069.1939638584495,805.3889443188652,R,561.3129360080948,792.9803412692593
IM002622,175.850880504586,625.6527787120693,L,680.57688545247,724.3020489614235
IM002635,1099.6550234150727,716.8281927513805,R,556.9764554332995,768.5048285528842
IM002636,114.93927432898639,767.790604880168,L,673.2484531522189,815.2064722673913
IM002642,376.6802574686712,697.5304371894578,L,897.0716469501331,756.666875644548
IM002643,1071.4099039526195,728.9609089222866,R,554.4738138747342,760.5844527700415
IM002649,1097.434638820027,722.4854349889853,R,566.2611085140052,743.8523232826153
IM002650,398.42122030381876,663.5831314089058,L,915.674167289921,741.6039841426489
IM002658,1120.7900595582125,656.7032272260076,R,575.2888720575464,753.4233630479371
IM002659,347.010140024477,636.2763349164306,L,884.5782726857366,743.5218626029889
IM002665,1029.8059304304124,694.772663712092,R,557.1184492602924,778.6831399161539
IM002666,435.9439322676379,604.216962393839,L,894.2460038618115,753.1796024212191
IM002695,388.0005947849639,722.4273190676214,L,894.8887192058886,756.3221726333018
IM002697,1210.4425698018092,900.2985762486474,R,693.0857541732112,927.890761664262
IM002703,1121.0270967563554,686.9218449265735,R,590.4268594855837,758.8809754953007
IM002704,355.3391965279155,695.4068589386413,L,899.3206052449592,774.9036744943361
IM002718,1054.3100165052504,725.1428685734504,R,549.9430647168637,767.4852831454909
IM002719,208.83595934162793,762.4933843783765,L,726.8255060851992,876.8479138829516
IM002725,1103.3020477535247,735.6131654802703,R,577.784221362698,754.0084246271448
IM002726,324.5711279969057,693.2637636791267,L,811.7412340441073,765.0675365106678
IM002732,1139.5476556784195,730.1972966302898,R,567.3490075759078,758.2324495843634
IM002733,341.1912431540185,613.845178055834,L,890.2737428047488,770.9616272830821
IM002765,371.6339817300631,702.5058023158255,L,890.0805217355703,752.7520180885334
IM002766,1241.851037589921,719.8071482546602,R,704.3732227312067,830.0822771056493
IM002781,352.9270596708403,686.610740245667,L,878.2379109808223,767.3487828996989
IM002782,1117.1850939498274,679.5271792255614,R,583.9490139150506,755.5598972488325
IM002802,1209.7274769041544,761.4353338260343,R,648.7322468225582,749.6820947617075
IM002803,353.1909231655802,630.9033736417771,L,903.5577383397921,748.3252962028262
IM002821,395.13688601469926,677.0584924360055,L,891.3855445635947,757.2081733361974
IM002822,1053.715407223215,759.6411517820001,R,564.2058900212563,773.1007026659444
IM002828,1068.7158412587723,723.3136897905894,R,558.8743958199587,764.5608931267495
IM002829,393.9509608692107,657.4615977721256,L,897.5388675663407,769.5562600767068
IM002845,237.86720768487453,858.1389512265599,L,725.129120877874,862.1833526284026
IM002846,1011.3051900013515,760.6297763196726,R,547.7226338955676,782.6766992614454
IM002852,1124.1546192916846,707.9955178480016,R,566.8258170822043,757.881338530043
IM002853,355.18592124991255,653.3051016894004,L,889.2549283088457,767.2208462006867
IM002860,1202.8886421121224,808.7625441824923,R,663.7491438411132,792.979723988129
IM002861,381.3077239742878,647.9079933268495,L,891.290908328545,760.6833068989673
IM002894,1089.5796390438197,696.8620194191506,R,555.7091888463913,753.318153458357
IM002895,367.1518985102178,673.9322796531424,L,890.5834461844875,755.5564140763842
IM002901,1108.1151307246887,730.613053951054,R,611.733787279222,771.0017798494622
IM002902,377.36419355541796,713.7839553155134,L,873.7653228057457,767.7117210092327
IM002908,1107.9502963410678,687.5366566936503,R,561.8292232767114,754.8343319575165
IM002909,368.1645335293867,705.3557032519349,L,889.21486722734,756.6210828248375
IM002921,1160.3721427103317,782.6063564911561,R,608.3012844801965,822.453302369912
IM002922,307.6371835894311,811.9398457676427,L,856.8371388808542,908.7393992555972
IM002938,1170.3350304522296,767.7361760233116,R,563.9000873883385,757.3126875956253
IM002945,1073.296181838106,770.2542365551046,R,549.7753840378214,755.654057830838
IM002946,374.4721461890108,694.8053968203449,L,889.5685517638593,758.7194998006963
IM002952,1146.2057458857946,690.4294456097249,R,574.9946047181907,749.8622358458235
IM002953,327.21963150701987,674.6743579892808,L,889.71974093948,757.4516722605993
IM002973,1050.1796959527987,605.0221897138288,R,534.034912388939,713.5704317944682
IM002975,351.95200090232265,662.0346285095355,L,849.0573689805102,719.909787424539
IM002982,1103.7810157863728,684.6108943152857,R,548.4970214481427,715.8448964376515
IM002983,301.19352162845007,623.1263881465036,L,844.3068732150982,717.60061666725
IM002990,1111.7639543741282,695.9910182578003,R,554.854940425335,722.1332608869649
IM002991,307.66821616962767,632.4970712747937,L,851.9116497523328,721.5907091714777
IM002997,1050.9469801500695,655.682741932064,R,518.9823859041605,736.1171963401781
IM002998,326.4680636714412,645.1162026929609,L,848.1811568130346,727.8113831040472
IM003011,1095.5459523870443,685.2601929326576,R,566.2602782902178,714.0192418012988
IM003012,350.35919234872046,634.7993001156635,L,857.1571134135634,734.8809868713589
IM003019,348.4778759890451,590.6541078078726,L,856.6947024125102,720.5549747563805
IM003020,1058.6238345926772,720.9450259857769,R,529.1802214995636,719.9755245822629
IM003034,1086.2865196779892,708.7524660371885,R,536.990699323859,727.9566437145156
IM003035,301.78441234009597,616.8846559475068,L,838.5980629580015,722.240322501704
IM003057,1032.9500509004085,696.6778035001252,R,540.6408135255247,716.7735990248185
IM003058,358.4137907071383,605.2294586751442,L,834.5961714097735,713.853249558742
IM003070,414.4214052425064,648.2906080685577,L,874.4467404497329,712.9763872921458
IM003071,989.749037195278,683.6315872716342,R,520.5426041587192,717.7707755433402
IM003108,1139.354212565166,727.5400506973606,R,558.3882396220386,717.3468093923386
IM003110,68.63832388434625,699.1438036755806,L,658.834463412809,747.6018697232383
IM003124,1051.003100576742,701.5836282330506,R,539.2585803309594,723.0112477018776
IM003125,335.37758668272295,637.9152031207364,L,839.5187493366144,723.1803206569507
IM003146,1104.8601034143708,721.1131552806628,R,561.6054506504154,737.6018715359032
IM003147,308.2180652058616,671.0666784512822,L,831.5939313799516,721.2722938422248
IM003160,1060.6673664744594,675.6218706258375,R,552.3538935750953,714.6801552634814
IM003161,353.04983784669224,642.4054299199704,L,850.4318089865911,719.4053523831287
IM003175,147.43561245772577,613.0599494749142,L,692.488664845356,694.8662772280877
IM003176,1168.183364713144,686.0554839834261,R,657.1127627307322,738.855036558726
IM003207,338.19399477162034,672.7573193953755,L,846.8055248427759,727.4958099746867
IM003208,1055.7410609976628,705.5391433929962,R,537.0066842071906,731.371660277927
IM003214,1015.6085889228601,729.0382939802183,R,520.9954514960856,723.5472585518779
IM003215,351.1779239886584,650.7373887095648,L,854.2264036277242,715.7337197156196
IM003221,1057.9289876189907,686.1382388427728,R,511.380043301395,721.3376803610817
IM003222,328.3056732247136,643.0245121956712,L,861.1400723402255,719.2981549722022
IM003229,296.21008742895424,643.976538022577,L,845.1719974293808,718.8820585276485
IM003230,1097.502738372904,739.1535330601748,R,544.186111744098,723.524225161592
IM003243,1047.3053792317492,670.8153042218629,R,523.2857649800598,710.864387207335
IM003244,352.99071596181307,623.8362125544191,L,860.8211064192245,716.0610047635333
IM003264,1034.0189476134851,666.0486184436369,R,531.3363552150062,720.7343101095809
IM003265,348.41913076585564,657.9514999948509,L,851.4980149494768,718.3717536226574
IM003286,985.7040670220706,662.6562051295963,R,527.2693791512268,713.3345017704884
IM003287,391.0738433194035,672.0355035745957,L,847.6777416005076,713.511881720833
IM003323,1036.37957464522,674.670101703924,R,539.4175409172137,730.637297361814
IM003324,342.7907872491897,646.6427841004684,L,847.0737832301446,726.2620769705517
IM003330,1063.6783050636252,722.5599129781282,R,551.144280196705,720.0494854129803
IM003331,333.4469124828402,627.7865922466818,L,850.5569618203145,716.6359531697993
IM003337,346.7893580208987,646.814442669744,L,841.1180081286655,725.0634874491044
IM003338,1040.1279960993722,714.1456012030328,R,525.104449235805,721.2663725204521
IM003359,337.56492961384265,671.3664738210978,L,842.6154748063157,722.4895193826142
IM003360,1046.1306429931908,740.4222487296038,R,539.6692411283783,759.4411550321597
IM003381,1015.9523713130765,801.5706672539452,R,546.3282667906842,785.8129501866898
IM003382,284.13348591001704,755.2370903205722,L,755.0627783485317,842.1344633583589
IM003390,435.4468779412285,626.406312221158,L,857.3883936457443,728.1910379455113
IM003391,969.6510412231632,705.4891889228851,R,530.2510675375072,730.2489161774723
IM003405,1015.315115218597,678.5468887606347,R,531.3626566549659,731.6898049237948
IM003406,395.48086658377514,573.019782630307,L,861.8966819884721,722.3809548189998
IM003412,258.2754882284278,702.4820540457171,L,741.4049766994722,771.9495983173249
IM003413,1147.0431405762884,703.3837274888715,R,647.7979119011057,695.0080667083569
IM003423,1059.9187373601935,664.3237811892828,R,553.076524458878,735.4932078850903
IM003424,355.15455378213267,629.8290274412977,L,842.1898259816413,733.2351478635662
IM003430,882.8089888213567,704.6697086995897,R,424.24455830735525,700.3167517440519
IM003431,471.29612231531746,754.040033717259,L,927.4420662087737,806.7982193245216
IM003453,412.18237612601973,607.5845311986308,L,845.5086105679891,729.4448166868345
IM003454,1012.6778224674459,696.6561699064806,R,542.522771878751,728.6573710507352
IM003467,1067.4249530432226,639.768973145606,R,539.6276130090915,706.7647200330385
IM003468,314.3908268094577,637.3670970507213,L,838.4502655367484,720.7555085118847
IM003474,1002.861443159019,649.2913436074019,R,537.6301256799401,714.6083205017987
IM003475,397.22841393908914,623.5080619121929,L,857.3824949062472,722.4883165937312
IM003481,1052.8980183949973,694.3724097974884,R,522.881631941628,714.3101246207407
IM003482,330.09629152955785,597.2360553788523,L,842.9346289520199,713.7085483291746
IM003519,998.8704696313458,695.527672060387,R,537.3864210677526,725.9039656302209
IM003520,390.0405902848098,672.5859882302509,L,846.8163744778312,726.2109797973441
IM003563,1204.540320979765,762.1463037600118,R,704.8885488170773,746.0220608308194
IM003564,178.58909703985944,726.0562404130694,L,692.2133143389021,761.6938585273845
IM003570,274.49240596733443,687.8995489509209,L,841.1670160082476,714.5288118181302
IM003571,1100.0588035154917,716.5396271101137,R,536.430641547284,711.7284342769373
IM003577,361.89517529222394,719.4892522790361,L,840.5722115435269,711.1030621470632
IM003580,1214.9722543515638,738.8184060687449,R,718.2239277962179,764.1771684296618
IM003595,336.0233816462903,610.722394781166,L,844.9448189471793,719.980949653345
IM003596,1067.0116228396203,750.292069906735,R,538.4407028833966,720.5132432025085
IM003602,330.20227623594724,608.2073525847758,L,839.1247500647746,718.2304506514664
IM003603,1061.0670311942847,681.0591166957777,R,547.9539674612691,726.6286101338793
IM003625,999.4894889308886,704.9134184230102,R,522.9211785638336,736.7600345406746
IM003626,384.55677058901955,648.5673911099454,L,860.528057908999,722.2617432588434
IM003632,346.74939400206733,636.295712038386,L,849.8355422076224,718.4729700530103
IM003633,1062.5922979729612,679.7058509291915,R,541.6643524426985,719.691194631044
IM003640,105.33101559961392,678.0796637890545,L,597.7609186630737,793.7227517749267
IM003641,1259.6597438249178,803.7370508651674,R,747.580856433909,824.2686748384757
IM003687,1020.9160949818041,656.6683396837673,R,528.0113906242609,735.281770767798
IM003688,345.0287914456708,682.4641757301512,L,844.7553731086333,730.274466271649
IM003694,340.61903859532293,622.299970879836,L,822.7645578019391,708.8612399743196
IM003695,1032.2060626299099,690.5311338538767,R,546.442825787252,733.1505114569864
IM003718,1347.7481755469444,596.6773204507997,R,910.8176630001376,585.133331164079
IM003719,209.28652182386267,363.8559964097467,L,703.8825090718932,435.7296487617677
IM003725,1083.2258068660694,671.9664316364862,R,537.274724352769,719.0805468562005
IM003726,326.6591082662166,615.7324996618826,L,850.5894439054539,713.5050225901925
IM003746,318.5871695824629,643.1021047484185,L,849.6461132704609,732.7801059125087
IM003747,1081.4495815732344,697.2298238750565,R,542.9659099901204,731.7769007476508
IM003758,1088.9378498863364,693.6119682049355,R,541.6976336363415,722.1513508133858
IM003759,291.9641376945639,636.3679085000879,L,845.5367074286085,724.9987778023333
IM003765,1064.2960013383017,711.9685196934538,R,537.2920596857338,721.011854692642
IM003766,337.1722266497888,622.9907071954043,L,856.0049355403697,715.6965336852946
IM003772,358.0445348659315,690.6652421043373,L,865.4239560165176,717.0539690229488
IM003773,1057.569421982726,685.180984773714,R,542.6108130380976,733.6961519479038
IM003787,1013.4701962547261,696.0836166783406,R,518.2789304394119,721.4588740886647
IM003788,393.71103990988007,654.240397933403,L,867.3898770818182,716.7585417966632
IM003794,338.7448740114777,599.6892668627141,L,844.7371874584032,716.3320677747832
IM003795,1058.6259692719668,674.0000419248474,R,521.3358256106507,719.7720193150337
IM003811,1057.5365625229265,737.01255235405,R,539.6437843677288,726.8360981368048
IM003812,336.0710718221336,612.2623734464593,L,846.1900250173705,711.6213820581405
IM003826,1088.6029180487,648.6910538833947,R,539.8092883694386,732.7792028184367
IM003827,291.72125261853813,739.5553452903985,L,831.3271906498404,723.9379068355481
IM003840,325.9966808470181,628.4414082254932,L,841.9719500962592,716.8917379585602
IM003841,1052.7273583830677,681.3525266314012,R,540.8617775427319,724.0252005359841
IM003856,347.0988675638444,646.5244572281719,L,859.0725061987997,727.6874786935468
IM003857,1079.1961809033428,678.8979736602469,R,564.910961264745,737.6427012453075
IM003878,1024.4404916530073,705.5345100223868,R,539.023942183507,730.4581918349768
IM003879,393.99638454573653,651.9763499233344,L,855.5997694375005,727.5864515974508
IM003893,343.9971135962176,697.5645162365432,L,857.8452629942107,704.1630210984138
IM003894,999.0587504033037,741.036895061864,R,480.789480020482,732.8048656549936
IM003909,333.9505715872514,619.1387234093909,L,866.3487544453831,730.82553735315
IM003910,1077.4785867449737,666.3253777222293,R,531.2813781421305,722.5539707267582
IM003924,1044.9923048284106,690.2308717571851,R,537.9767190072871,722.6981519659867
IM003925,353.6081705009657,652.4296381661301,L,843.8095140712297,721.5553457922475
IM003949,310.3959364129889,641.1987995742945,L,847.8128119947926,729.0640078834523
IM003950,1095.4098742804665,683.0231410525931,R,541.2205427451553,723.8638920261395
IM003968,1198.946942756106,690.6718284860686,R,682.1127724756869,760.556749611414
IM003969,328.7750649458466,645.1099428465781,L,823.8539680025277,722.1486687641658
IM003982,1021.1191442832956,700.0121720066794,R,535.203967277556,717.1544827519698
IM003983,375.83590397636004,664.2919786077022,L,842.1614381403141,718.0972695712521
IM003989,1016.0552813962698,703.9920977720683,R,540.9538742565392,721.0737533241658
IM003990,378.9607526013513,632.7522365009037,L,858.9427553020315,712.4413633818
IM004005,1067.3775735371282,658.8880025175275,R,546.8530887177186,714.7704407193563
IM004006,326.879345756811,691.5896660984869,L,830.7092301111161,722.7325294555731
IM004012,1065.3493077833546,728.2958462830434,R,537.5858044253755,732.2826709729536
IM004013,343.2441795618414,626.2205413228259,L,860.7252469452826,727.0313754398042
IM004027,1068.4623555437488,698.7061432202552,R,546.4213179295672,717.4776032931231
IM004028,294.18660877342774,695.2268553813117,L,836.9838128134106,708.922819392084
IM004035,1056.2146770143547,729.1655775530303,R,538.6044659603137,745.9338680796927
IM004036,328.3818015769851,646.116369394058,L,842.0855524120014,759.8053885006995
IM004052,319.46678724723955,661.2865474616605,L,845.6609427229678,732.772098878154
IM004053,1087.922578658195,701.2381103671272,R,535.9303612915986,723.9871235118572
IM004085,369.5501705495103,675.7684183383548,L,859.5131783254031,729.8552169804748
IM004086,1014.8171667872225,706.5799665989435,R,523.9025527301866,726.8111898207643
IM004092,1021.3017722979884,708.0968970681668,R,535.4166014394305,729.5231821585916
IM004093,371.93619629779187,698.9947414362837,L,856.3678782020621,731.0539777619659
IM004132,347.52393332343036,645.1851480506244,L,840.6718933585198,720.5357880014644
IM004133,1029.3605957071923,743.2682206434193,R,535.1115975560201,729.4505688645796
IM004154,1063.207358488749,720.8244787699181,R,535.5984799916306,720.9883158892625
IM004155,323.71441805529645,643.0364001403275,L,835.3199150580626,723.4504872035112
IM004161,388.284060948027,631.317350286484,L,855.4678616499501,711.0128595528411
IM004162,1031.869858339038,677.9931642456783,R,539.3011569440204,721.3695206492248
IM004168,365.8676164272817,675.5632169359059,L,856.2767209337528,719.3955918518197
IM004169,1012.3824410509939,648.2272011059525,R,503.72241829936434,721.4885876511672
IM004176,359.2072688226601,626.021103493804,L,867.5021505850282,699.5788907099518
IM004177,1043.3659538270729,694.3737839920615,R,536.4778519272762,722.7960737333296
IM004183,1022.8643544494122,708.9815710236113,R,545.2017031053026,722.6772870275939
IM004184,377.81779080114154,636.3635620594467,L,862.210335527115,724.5638431165781
IM004191,1078.8111274451169,699.4412600076789,R,543.6178900770062,722.498705741569
IM004192,336.8505330007634,596.1589159527613,L,845.2794350109843,719.0054747345679
IM004207,1061.8404542387354,695.4105917898519,R,532.0940813934623,719.9176562383868
IM004208,345.63552183552406,577.7759300486317,L,844.8578712457523,717.8239022181901
IM004226,371.1051683165866,633.4426463145836,L,837.3255994024023,716.5094794759882
IM004227,1012.5621646265531,714.3767942149227,R,536.5803688714823,718.7617201129184
IM004240,317.0570583626707,654.974443587621,L,838.7091992182474,724.5248936190815
IM004241,1221.6857762016182,758.8685035196751,R,708.8873856457524,834.7392143387145
IM004251,362.35429582125323,636.0020740956843,L,843.2074834516691,719.6565376394773
IM004252,1017.1292737390498,681.4487458478211,R,523.6936869193019,732.1662980877649
IM004261,389.4371209668068,628.0186769285534,L,876.3067046888784,727.8698728472705
IM004262,992.6331183989893,666.603646499021,R,511.58948803809693,725.8148693801857
IM004269,1182.9484016161616,731.7803247501898,R,714.3029200110016,754.5348902765462
IM004270,253.3692806772437,592.1907013217626,L,725.5795744400689,713.3118583649588
IM004276,1232.3755161728034,634.3337476053836,R,682.0660237294743,679.8841340861372
IM004277,290.51349943863227,677.4215182325266,L,802.3783600042058,699.6078308679105
IM004290,1045.629567647034,672.0419221441317,R,533.6346868888209,729.0453443466383
IM004291,355.28999200617466,644.2882685464336,L,847.5187270841593,724.5599246526336
IM004297,1040.2095363364467,681.091443000305,R,539.8648427486107,725.1408736253263
IM004298,359.50471000636696,652.3052555756643,L,861.2153240655846,715.200525824043
IM004305,1089.7627766169207,580.5355792171865,R,595.9558787202602,708.4583367735058
IM004306,338.961103004835,776.4887736277616,L,850.4055527569197,901.5258704193574
IM004312,1036.2505518342512,658.1692946281107,R,533.3780249920869,721.4495530300908
IM004313,354.4745006147583,605.3067379802994,L,849.3612506462244,708.5441982017384
IM004342,316.5556111495499,514.540488826162,L,817.3054220815276,634.0599467836188
IM004343,1051.0890903616937,696.6824455922653,R,531.385445842683,720.1420455680019
IM004346,1048.9119028479486,659.9298755168186,R,533.6139122289493,707.9567730813983
IM004347,344.28386345036654,686.1979937061802,L,845.142852350161,725.5854704263942
IM004391,300.5005315111373,639.5633627808677,L,807.6629852389157,696.984257997001
IM004392,1217.8352258840464,684.6536625248337,R,656.3316295112221,683.3288269997757
IM004398,1206.0799653702145,759.3567462418016,R,666.6810718659872,834.6394980954173
IM004399,282.12028581151674,702.2214381649062,L,811.4632140291342,741.4496567752096
IM004406,365.1146167219402,605.1574132854498,L,858.8732152711464,708.2533535375404
IM004407,1036.1784702108394,625.2706636526705,R,533.9081912248917,719.2246732921197
IM004423,1061.2065935719431,783.5272770529986,R,561.0766371554927,787.6623044044733
IM004439,1031.615448272633,711.1451673286801,R,532.6493030605609,731.561044244105
IM004440,322.8607115459981,711.8991771415785,L,832.7670196609541,739.2675552017024
IM004461,1112.547887344506,749.2328084969207,R,544.0528143264278,722.4732089134927
IM004462,302.22573477738985,716.9710435631225,L,858.0321523662195,717.2536955140395
IM004470,341.70822127522,683.2851663972289,L,841.9007810552235,726.2316040271644
IM004471,1053.423510154348,723.4946938832985,R,549.5626010528152,735.3634429798659
IM004493,316.90187656192677,656.0930467073372,L,844.8908793804452,727.2699140441883
IM004494,1058.1754289104272,709.838833887966,R,528.361980645335,724.8378805367563
IM004507,1060.9113774681828,683.0842731155115,R,539.9664944581608,715.7599871927847
IM004508,333.9756285323088,646.1207859413483,L,851.145471791801,715.1875011285382
IM004528,399.00236478504786,732.8973546730676,L,861.1912255848281,731.7997333349002
IM004529,992.2610920705341,731.5411509182466,R,521.3448536770633,731.1946905077618
IM004537,984.1529314708428,698.7918760466629,R,539.450854038609,715.6837651107253
IM004538,437.4569572118485,637.0438002834524,L,873.3957840517488,707.8732895343696
IM004553,1060.6627553985259,685.1936088201903,R,545.3967662754087,730.5044240278726
IM004554,346.6228081720645,669.1410343438422,L,860.2556030044949,729.7859632614746
IM004569,1047.0301882306119,721.1401840469963,R,534.6482400082191,721.0761626711866
IM004570,332.7561731147532,640.7524391690666,L,839.5536613362933,715.2603883987914
IM004599,1033.3341409071002,646.5242934651943,R,524.2666672636236,729.3382087892305
IM004600,339.3861909772929,651.0284911532387,L,850.0046205665847,713.7423073574382
IM004606,1045.125842526768,695.0311684233136,R,527.244047661485,725.1500765248151
IM004607,339.31073335533785,657.2157261149365,L,846.2185912384235,723.780486114554
IM004620,378.7125476536381,671.3836936800886,L,853.9935369970326,713.9510562325286
IM004621,1004.7129770603335,702.6233974673878,R,528.1495114215456,719.5195026178568
IM004638,1060.082065238193,668.9333386580677,R,538.697456230383,726.6780090970526
IM004639,354.8602459329136,611.2210036405534,L,860.4692435573131,712.0191603245685
IM004645,1049.0793013101256,687.9000400681442,R,544.9015518836444,729.5071713194893
IM004646,361.8484809162891,630.6715758956198,L,855.6988982551559,711.3233736499204
IM004653,981.2372949586799,721.8167520311891,R,526.137256872135,730.489838190311
IM004654,320.6658322345665,612.1331266021068,L,751.1185213898175,704.2081211813869
IM004668,359.59035707423646,643.6515260766623,L,848.1071622739174,715.3905661450904
IM004669,1017.3881432986531,686.7620491384672,R,528.1232122534956,718.5608380313943
IM004685,424.93876439379653,664.4224522774458,L,848.3138555527702,709.2029174768412
IM004686,956.5369404377831,693.9645742456503,R,526.7402207521748,720.1139489843823
IM004737,374.00234667254915,614.3095170848627,L,861.5900268789486,720.8147887831617
IM004739,1018.6332112067325,685.9475743403917,R,529.6365213110016,726.0273089297967
IM004747,330.6042704794768,637.9660803688803,L,860.6874059633878,722.7094108178886
IM004748,1114.4333412636631,718.3855901616452,R,569.6155580271436,710.6146141652226
IM004764,353.9982430369357,678.2064852961769,L,850.6839119684934,730.3608128172988
IM004765,1024.605886881333,672.5696033886487,R,527.7096694888945,727.8610635555233
IM004782,363.3263831949541,618.0691484965544,L,877.5512239636292,718.7178810206784
IM004783,1079.0318664445253,645.1995297606178,R,548.2758028321135,727.2726286007804
IM004797,113.89395268145739,694.1577448051513,L,655.3404329034267,723.6504333589193
IM004798,1081.5325173113267,672.5283268815529,R,571.1969953817546,724.7541526700508
IM004805,1071.0095349793853,712.4400013398292,R,562.431841775922,730.9623010751933
IM004806,263.0789779101227,587.0949455980387,L,773.9552905888836,638.9245492389966
IM004811,1044.2088681088153,724.4028255347022,R,541.139626826375,715.0308488789158
IM004812,361.7834407099117,616.166431902233,L,848.9596259021768,710.8166870518062
IM004831,1087.8340108128245,691.9683555854962,R,540.0970743619931,721.0689611086128
IM004832,301.06735590604995,628.6993405620249,L,841.476381066768,713.7128105888302